station_id,DO concentration,Discharge,Specific conductance,Stage,Turbidity,Water temperature,pH
USGS-09070500,47.3,85.4,46.9,,36.3,47.3,47.3
USGS-09071750,84.0,,84.2,,53.8,84.2,84.2
USGS-09085000,83.5,13.3,84.3,,61.4,84.3,84.3
USGS-09085150,99.9,,99.9,,91.2,99.9,99.9
USGS-09085160,84.2,,83.3,,61.1,84.4,84.4
USGS-09092570,58.6,57.1,58.5,,49.0,58.6,58.5
USGS-09095500,61.2,47.0,85.0,,58.0,85.8,61.2
USGS-09106485,99.9,99.4,99.9,,,99.9,
USGS-09144250,65.3,70.6,65.3,,65.3,65.3,65.3
USGS-09152500,65.3,11.8,65.3,,13.0,65.3,65.3
USGS-09163500,66.9,42.0,65.9,,60.5,66.9,66.9
USGS-09180000,,52.9,67.5,,,67.5,
USGS-09180500,100.0,94.9,98.4,,80.4,100.0,89.9
USGS-09217000,,89.4,55.7,,,9.2,
USGS-09234500,,78.0,38.9,,,80.4,
USGS-09261000,96.6,98.2,93.8,,93.8,96.7,84.9
USGS-09306500,,56.8,60.4,,,60.5,
USGS-09315000,87.4,88.5,99.0,,85.4,99.0,98.8
USGS-09328960,,68.6,66.9,,,47.8,
USGS-09365000,,,88.7,,76.8,95.7,92.3
USGS-09368000,,100.0,1.9,,1.5,12.0,1.9
USGS-09371010,,100.0,1.9,,1.4,6.3,1.9
USGS-09379500,97.8,92.1,96.3,,87.3,98.2,88.7
USGS-09380000,68.5,71.1,68.5,,48.4,68.5,68.4
USGS-09404200,,40.1,,,,,
USGS-09429490,59.3,,71.2,,,71.2,71.0
USGS-09510000,69.1,99.9,84.1,,,86.0,78.8
USGS-393259107194801,60.9,,60.9,100.0,60.9,60.9,60.9
