station_id,variable,parameter_code,planned_start,planned_end,raw_file,status,raw_rows,clean_rows,hourly_nonnull,expected_hours,completeness_pct,first_valid_time,last_valid_time
USGS-09070500,DO concentration,00300,2025-10-02 04:00:00+00:00,2026-10-02 04:00:00+00:00,usgs_continuous_download/USGS-09070500/do_concentration.csv,ok,35004,16550,4140,8761,47.25487957995663,2025-10-02 04:00:00+00:00,2026-03-23 16:00:00+00:00
USGS-09070500,Water temperature,00010,2025-10-02 04:00:00+00:00,2026-10-02 04:00:00+00:00,usgs_continuous_download/USGS-09070500/water_temperature.csv,ok,35009,16553,4140,8761,47.25487957995663,2025-10-02 04:00:00+00:00,2026-03-23 16:00:00+00:00
USGS-09070500,Specific conductance,00095,2025-10-02 04:00:00+00:00,2026-10-02 04:00:00+00:00,usgs_continuous_download/USGS-09070500/specific_conductance.csv,ok,34856,16405,4113,8761,46.94669558269604,2025-10-02 04:00:00+00:00,2026-03-23 16:00:00+00:00
USGS-09070500,Turbidity,63680,2025-10-02 04:00:00+00:00,2026-10-02 04:00:00+00:00,usgs_continuous_download/USGS-09070500/turbidity.csv,ok,31099,12679,3180,8761,36.29722634402466,2025-10-02 04:00:00+00:00,2026-03-23 16:00:00+00:00
USGS-09070500,pH,00400,2025-10-02 04:00:00+00:00,2026-10-02 04:00:00+00:00,usgs_continuous_download/USGS-09070500/ph.csv,ok,35005,16553,4140,8761,47.25487957995663,2025-10-02 04:00:00+00:00,2026-03-23 16:00:00+00:00
USGS-09070500,Discharge,00060,2025-10-02 04:00:00+00:00,2026-10-02 04:00:00+00:00,usgs_continuous_download/USGS-09070500/discharge.csv,ok,33359,29280,7480,8761,85.37838146330327,2025-10-02 04:00:00+00:00,2026-08-20 16:00:00+00:00
USGS-09071750,DO concentration,00300,2025-10-02 04:45:00+00:00,2026-10-02 04:45:00+00:00,usgs_continuous_download/USGS-09071750/do_concentration.csv,ok,34926,29416,7363,8762,84.03332572472038,2025-10-02 04:00:00+00:00,2026-08-05 13:00:00+00:00
USGS-09071750,Water temperature,00010,2025-10-02 04:45:00+00:00,2026-10-02 04:45:00+00:00,usgs_continuous_download/USGS-09071750/water_temperature.csv,ok,34982,29471,7375,8762,84.17028075781785,2025-10-02 04:00:00+00:00,2026-08-05 13:00:00+00:00
USGS-09071750,Specific conductance,00095,2025-10-02 04:45:00+00:00,2026-10-02 04:45:00+00:00,usgs_continuous_download/USGS-09071750/specific_conductance.csv,ok,34960,29449,7375,8762,84.17028075781785,2025-10-02 04:00:00+00:00,2026-08-05 13:00:00+00:00
USGS-09071750,Turbidity,63680,2025-10-02 04:45:00+00:00,2026-10-02 04:45:00+00:00,usgs_continuous_download/USGS-09071750/turbidity.csv,ok,30917,18643,4714,8762,53.80050216845469,2025-10-02 04:00:00+00:00,2026-05-12 16:00:00+00:00
USGS-09071750,pH,00400,2025-10-02 04:45:00+00:00,2026-10-02 04:45:00+00:00,usgs_continuous_download/USGS-09071750/ph.csv,ok,34978,29468,7375,8762,84.17028075781785,2025-10-02 04:00:00+00:00,2026-08-05 13:00:00+00:00
USGS-09085000,DO concentration,00300,2025-10-02 04:45:00+00:00,2026-10-02 04:45:00+00:00,usgs_continuous_download/USGS-09085000/do_concentration.csv,ok,34744,29239,7316,8762,83.49691851175531,2025-10-02 04:00:00+00:00,2026-08-05 18:00:00+00:00
USGS-09085000,Water temperature,00010,2025-10-02 04:45:00+00:00,2026-10-02 04:45:00+00:00,usgs_continuous_download/USGS-09085000/water_temperature.csv,ok,35019,29513,7383,8762,84.26158411321616,2025-10-02 04:00:00+00:00,2026-08-05 18:00:00+00:00
USGS-09085000,Specific conductance,00095,2025-10-02 04:45:00+00:00,2026-10-02 04:45:00+00:00,usgs_continuous_download/USGS-09085000/specific_conductance.csv,ok,35003,29497,7383,8762,84.26158411321616,2025-10-02 04:00:00+00:00,2026-08-05 18:00:00+00:00
USGS-09085000,Turbidity,63680,2025-10-02 04:45:00+00:00,2026-10-02 04:45:00+00:00,usgs_continuous_download/USGS-09085000/turbidity.csv,ok,26105,21468,5381,8762,61.41291942478886,2025-10-02 04:00:00+00:00,2026-07-31 14:00:00+00:00
USGS-09085000,pH,00400,2025-10-02 04:45:00+00:00,2026-10-02 04:45:00+00:00,usgs_continuous_download/USGS-09085000/ph.csv,ok,35012,29507,7383,8762,84.26158411321616,2025-10-02 04:00:00+00:00,2026-08-05 18:00:00+00:00
USGS-09085000,Discharge,00060,2025-10-02 04:45:00+00:00,2026-10-02 04:45:00+00:00,usgs_continuous_download/USGS-09085000/discharge.csv,ok,35033,4662,1167,8762,13.3188769687286,2025-10-02 04:00:00+00:00,2025-11-19 18:00:00+00:00
USGS-09085150,DO concentration,00300,2024-05-07 17:25:00+00:00,2025-05-07 17:25:00+00:00,usgs_continuous_download/USGS-09085150/do_concentration.csv,ok,104983,104982,8754,8762,99.90869664460169,2024-05-07 17:00:00+00:00,2025-05-07 17:00:00+00:00
USGS-09085150,Water temperature,00010,2024-05-07 17:25:00+00:00,2025-05-07 17:25:00+00:00,usgs_continuous_download/USGS-09085150/water_temperature.csv,ok,104985,104984,8754,8762,99.90869664460169,2024-05-07 17:00:00+00:00,2025-05-07 17:00:00+00:00
USGS-09085150,Specific conductance,00095,2024-05-07 17:25:00+00:00,2025-05-07 17:25:00+00:00,usgs_continuous_download/USGS-09085150/specific_conductance.csv,ok,104836,104835,8754,8762,99.90869664460169,2024-05-07 17:00:00+00:00,2025-05-07 17:00:00+00:00
USGS-09085150,Turbidity,63680,2024-05-07 17:25:00+00:00,2025-05-07 17:25:00+00:00,usgs_continuous_download/USGS-09085150/turbidity.csv,ok,95168,95167,7990,8762,91.189226204063,2024-05-07 17:00:00+00:00,2025-05-07 17:00:00+00:00
USGS-09085150,pH,00400,2024-05-07 17:25:00+00:00,2025-05-07 17:25:00+00:00,usgs_continuous_download/USGS-09085150/ph.csv,ok,104977,104976,8754,8762,99.90869664460169,2024-05-07 17:00:00+00:00,2025-05-07 17:00:00+00:00
USGS-09085160,DO concentration,00300,2025-10-02 06:35:00+00:00,2026-10-02 06:35:00+00:00,usgs_continuous_download/USGS-09085160/do_concentration.csv,ok,104282,87991,7378,8762,84.20451951609222,2025-10-02 06:00:00+00:00,2026-08-06 13:00:00+00:00
USGS-09085160,Water temperature,00010,2025-10-02 06:35:00+00:00,2026-10-02 06:35:00+00:00,usgs_continuous_download/USGS-09085160/water_temperature.csv,ok,104997,88707,7399,8762,84.44419082401278,2025-10-02 06:00:00+00:00,2026-08-06 13:00:00+00:00
USGS-09085160,Specific conductance,00095,2025-10-02 06:35:00+00:00,2026-10-02 06:35:00+00:00,usgs_continuous_download/USGS-09085160/specific_conductance.csv,ok,102552,87270,7298,8762,83.2914859621091,2025-10-02 06:00:00+00:00,2026-08-06 13:00:00+00:00
USGS-09085160,Turbidity,63680,2025-10-02 06:35:00+00:00,2026-10-02 06:35:00+00:00,usgs_continuous_download/USGS-09085160/turbidity.csv,ok,101595,63737,5357,8762,61.13900935859393,2025-10-02 06:00:00+00:00,2026-05-13 13:00:00+00:00
USGS-09085160,pH,00400,2025-10-02 06:35:00+00:00,2026-10-02 06:35:00+00:00,usgs_continuous_download/USGS-09085160/ph.csv,ok,104626,88336,7394,8762,84.38712622688884,2025-10-02 06:00:00+00:00,2026-08-06 13:00:00+00:00
USGS-09092570,DO concentration,00300,2023-11-02 06:45:00+00:00,2024-11-01 06:45:00+00:00,usgs_continuous_download/USGS-09092570/do_concentration.csv,ok,20536,20536,5136,8762,58.61675416571559,2024-04-01 07:00:00+00:00,2024-11-01 06:00:00+00:00
USGS-09092570,Water temperature,00010,2023-11-02 06:45:00+00:00,2024-11-01 06:45:00+00:00,usgs_continuous_download/USGS-09092570/water_temperature.csv,ok,20536,20536,5136,8762,58.61675416571559,2024-04-01 07:00:00+00:00,2024-11-01 06:00:00+00:00
USGS-09092570,Specific conductance,00095,2023-11-02 06:45:00+00:00,2024-11-01 06:45:00+00:00,usgs_continuous_download/USGS-09092570/specific_conductance.csv,ok,20505,20505,5130,8762,58.54827664916686,2024-04-01 07:00:00+00:00,2024-11-01 06:00:00+00:00
USGS-09092570,Turbidity,63680,2023-11-02 06:45:00+00:00,2024-11-01 06:45:00+00:00,usgs_continuous_download/USGS-09092570/turbidity.csv,ok,16005,16005,4292,8762,48.98425017119379,2024-04-09 17:00:00+00:00,2024-11-01 06:00:00+00:00
USGS-09092570,pH,00400,2023-11-02 06:45:00+00:00,2024-11-01 06:45:00+00:00,usgs_continuous_download/USGS-09092570/ph.csv,ok,20384,20384,5123,8762,58.468386213193334,2024-04-01 07:00:00+00:00,2024-11-01 06:00:00+00:00
USGS-09092570,Discharge,00060,2023-11-02 06:45:00+00:00,2024-11-01 06:45:00+00:00,usgs_continuous_download/USGS-09092570/discharge.csv,ok,18091,18091,5003,8762,57.09883588221867,2024-04-01 05:00:00+00:00,2024-11-01 06:00:00+00:00
USGS-09095500,DO concentration,00300,2025-10-02 09:45:00+00:00,2026-10-02 09:45:00+00:00,usgs_continuous_download/USGS-09095500/do_concentration.csv,ok,35007,21420,5360,8762,61.173248116868294,2025-10-02 09:00:00+00:00,2026-05-13 16:00:00+00:00
USGS-09095500,Water temperature,00010,2025-10-02 09:45:00+00:00,2026-10-02 09:45:00+00:00,usgs_continuous_download/USGS-09095500/water_temperature.csv,ok,35017,30055,7520,8762,85.82515407441224,2025-10-02 09:00:00+00:00,2026-08-11 16:00:00+00:00
USGS-09095500,Specific conductance,00095,2025-10-02 09:45:00+00:00,2026-10-02 09:45:00+00:00,usgs_continuous_download/USGS-09095500/specific_conductance.csv,ok,34691,29729,7445,8762,84.96918511755307,2025-10-02 09:00:00+00:00,2026-08-11 16:00:00+00:00
USGS-09095500,Turbidity,63680,2025-10-02 09:45:00+00:00,2026-10-02 09:45:00+00:00,usgs_continuous_download/USGS-09095500/turbidity.csv,ok,33185,20262,5079,8762,57.96621775850262,2025-10-02 09:00:00+00:00,2026-05-01 23:00:00+00:00
USGS-09095500,pH,00400,2025-10-02 09:45:00+00:00,2026-10-02 09:45:00+00:00,usgs_continuous_download/USGS-09095500/ph.csv,ok,35010,21420,5360,8762,61.173248116868294,2025-10-02 09:00:00+00:00,2026-05-13 16:00:00+00:00
USGS-09095500,Discharge,00060,2025-10-02 09:45:00+00:00,2026-10-02 09:45:00+00:00,usgs_continuous_download/USGS-09095500/discharge.csv,ok,34421,16303,4119,8762,47.00981511070532,2025-10-02 09:00:00+00:00,2026-03-27 16:00:00+00:00
USGS-09106485,DO concentration,00300,2026-07-15 20:15:00+00:00,2026-10-02 08:45:00+00:00,usgs_continuous_download/USGS-09106485/do_concentration.csv,ok,7538,7538,1885,1886,99.94697773064688,2026-07-15 20:00:00+00:00,2026-10-02 08:00:00+00:00
USGS-09106485,Water temperature,00010,2026-07-15 20:15:00+00:00,2026-10-02 08:45:00+00:00,usgs_continuous_download/USGS-09106485/water_temperature.csv,ok,7539,7539,1885,1886,99.94697773064688,2026-07-15 20:00:00+00:00,2026-10-02 08:00:00+00:00
USGS-09106485,Specific conductance,00095,2026-07-15 20:15:00+00:00,2026-10-02 08:45:00+00:00,usgs_continuous_download/USGS-09106485/specific_conductance.csv,ok,7538,7538,1885,1886,99.94697773064688,2026-07-15 20:00:00+00:00,2026-10-02 08:00:00+00:00
USGS-09106485,Discharge,00060,2026-07-15 20:15:00+00:00,2026-10-02 08:45:00+00:00,usgs_continuous_download/USGS-09106485/discharge.csv,ok,7454,7454,1875,1886,99.41675503711559,2026-07-15 20:00:00+00:00,2026-10-02 08:00:00+00:00
USGS-09144250,DO concentration,00300,2025-10-02 08:15:00+00:00,2026-10-02 08:15:00+00:00,usgs_continuous_download/USGS-09144250/do_concentration.csv,ok,34995,22877,5722,8762,65.30472494864186,2025-10-02 08:00:00+00:00,2026-05-28 18:00:00+00:00
USGS-09144250,Water temperature,00010,2025-10-02 08:15:00+00:00,2026-10-02 08:15:00+00:00,usgs_continuous_download/USGS-09144250/water_temperature.csv,ok,34990,22882,5723,8762,65.31613786806665,2025-10-02 08:00:00+00:00,2026-05-28 18:00:00+00:00
USGS-09144250,Specific conductance,00095,2025-10-02 08:15:00+00:00,2026-10-02 08:15:00+00:00,usgs_continuous_download/USGS-09144250/specific_conductance.csv,ok,34981,22878,5723,8762,65.31613786806665,2025-10-02 08:00:00+00:00,2026-05-28 18:00:00+00:00
USGS-09144250,Turbidity,63680,2025-10-02 08:15:00+00:00,2026-10-02 08:15:00+00:00,usgs_continuous_download/USGS-09144250/turbidity.csv,ok,34956,22859,5723,8762,65.31613786806665,2025-10-02 08:00:00+00:00,2026-05-28 18:00:00+00:00
USGS-09144250,pH,00400,2025-10-02 08:15:00+00:00,2026-10-02 08:15:00+00:00,usgs_continuous_download/USGS-09144250/ph.csv,ok,34995,22874,5722,8762,65.30472494864186,2025-10-02 08:00:00+00:00,2026-05-28 18:00:00+00:00
USGS-09144250,Discharge,00060,2025-10-02 08:15:00+00:00,2026-10-02 08:15:00+00:00,usgs_continuous_download/USGS-09144250/discharge.csv,ok,34941,24715,6190,8762,70.64597123944304,2025-10-02 08:00:00+00:00,2026-06-17 15:00:00+00:00
USGS-09152500,DO concentration,00300,2025-10-02 09:30:00+00:00,2026-10-02 09:30:00+00:00,usgs_continuous_download/USGS-09152500/do_concentration.csv,ok,34935,22886,5724,8762,65.32755078749145,2025-10-02 09:00:00+00:00,2026-05-28 20:00:00+00:00
USGS-09152500,Water temperature,00010,2025-10-02 09:30:00+00:00,2026-10-02 09:30:00+00:00,usgs_continuous_download/USGS-09152500/water_temperature.csv,ok,35028,22888,5724,8762,65.32755078749145,2025-10-02 09:00:00+00:00,2026-05-28 20:00:00+00:00
USGS-09152500,Specific conductance,00095,2025-10-02 09:30:00+00:00,2026-10-02 09:30:00+00:00,usgs_continuous_download/USGS-09152500/specific_conductance.csv,ok,35024,22886,5724,8762,65.32755078749145,2025-10-02 09:00:00+00:00,2026-05-28 20:00:00+00:00
USGS-09152500,Turbidity,63680,2025-10-02 09:30:00+00:00,2026-10-02 09:30:00+00:00,usgs_continuous_download/USGS-09152500/turbidity.csv,ok,33727,4558,1140,8762,13.010728144259302,2025-10-02 09:00:00+00:00,2025-11-18 20:00:00+00:00
USGS-09152500,pH,00400,2025-10-02 09:30:00+00:00,2026-10-02 09:30:00+00:00,usgs_continuous_download/USGS-09152500/ph.csv,ok,35016,22879,5723,8762,65.31613786806665,2025-10-02 09:00:00+00:00,2026-05-28 20:00:00+00:00
USGS-09152500,Discharge,00060,2025-10-02 09:30:00+00:00,2026-10-02 09:30:00+00:00,usgs_continuous_download/USGS-09152500/discharge.csv,ok,34786,4118,1030,8762,11.755307007532528,2025-10-02 09:00:00+00:00,2025-11-14 06:00:00+00:00
USGS-09163500,DO concentration,00300,2025-10-02 07:45:00+00:00,2026-10-02 07:45:00+00:00,usgs_continuous_download/USGS-09163500/do_concentration.csv,ok,34811,23445,5864,8762,66.92535950696188,2025-10-02 07:00:00+00:00,2026-06-03 14:00:00+00:00
USGS-09163500,Water temperature,00010,2025-10-02 07:45:00+00:00,2026-10-02 07:45:00+00:00,usgs_continuous_download/USGS-09163500/water_temperature.csv,ok,34811,23446,5864,8762,66.92535950696188,2025-10-02 07:00:00+00:00,2026-06-03 14:00:00+00:00
USGS-09163500,Specific conductance,00095,2025-10-02 07:45:00+00:00,2026-10-02 07:45:00+00:00,usgs_continuous_download/USGS-09163500/specific_conductance.csv,ok,34363,23001,5773,8762,65.88678383930609,2025-10-02 07:00:00+00:00,2026-06-03 14:00:00+00:00
USGS-09163500,Turbidity,63680,2025-10-02 07:45:00+00:00,2026-10-02 07:45:00+00:00,usgs_continuous_download/USGS-09163500/turbidity.csv,ok,31509,21068,5302,8762,60.51129879023054,2025-10-02 07:00:00+00:00,2026-06-03 14:00:00+00:00
USGS-09163500,pH,00400,2025-10-02 07:45:00+00:00,2026-10-02 07:45:00+00:00,usgs_continuous_download/USGS-09163500/ph.csv,ok,34809,23444,5864,8762,66.92535950696188,2025-10-02 07:00:00+00:00,2026-06-03 14:00:00+00:00
USGS-09163500,Discharge,00060,2025-10-02 07:45:00+00:00,2026-10-02 07:45:00+00:00,usgs_continuous_download/USGS-09163500/discharge.csv,ok,35004,14723,3682,8762,42.022369322072585,2025-10-02 07:00:00+00:00,2026-03-04 16:00:00+00:00
USGS-09180000,Water temperature,00010,2025-10-02 05:30:00+00:00,2026-10-02 05:30:00+00:00,usgs_continuous_download/USGS-09180000/water_temperature.csv,ok,34323,23665,5917,8762,67.5302442364757,2025-10-02 05:00:00+00:00,2026-06-05 17:00:00+00:00
USGS-09180000,Specific conductance,00095,2025-10-02 05:30:00+00:00,2026-10-02 05:30:00+00:00,usgs_continuous_download/USGS-09180000/specific_conductance.csv,ok,34243,23586,5912,8762,67.47317963935174,2025-10-02 05:00:00+00:00,2026-06-05 17:00:00+00:00
USGS-09180000,Discharge,00060,2025-10-02 05:30:00+00:00,2026-10-02 05:30:00+00:00,usgs_continuous_download/USGS-09180000/discharge.csv,ok,33640,18252,4632,8762,52.864642775622,2025-10-02 05:00:00+00:00,2026-04-24 15:00:00+00:00
USGS-09180500,DO concentration,00300,2024-12-16 18:00:00+00:00,2025-12-16 18:00:00+00:00,usgs_continuous_download/USGS-09180500/do_concentration.csv,ok,35035,35035,8761,8761,100.0,2024-12-16 18:00:00+00:00,2025-12-16 18:00:00+00:00
USGS-09180500,Water temperature,00010,2024-12-16 18:00:00+00:00,2025-12-16 18:00:00+00:00,usgs_continuous_download/USGS-09180500/water_temperature.csv,ok,35035,35035,8761,8761,100.0,2024-12-16 18:00:00+00:00,2025-12-16 18:00:00+00:00
USGS-09180500,Specific conductance,00095,2024-12-16 18:00:00+00:00,2025-12-16 18:00:00+00:00,usgs_continuous_download/USGS-09180500/specific_conductance.csv,ok,34456,34456,8625,8761,98.4476657915763,2024-12-16 18:00:00+00:00,2025-12-11 19:00:00+00:00
USGS-09180500,Turbidity,63680,2024-12-16 18:00:00+00:00,2025-12-16 18:00:00+00:00,usgs_continuous_download/USGS-09180500/turbidity.csv,ok,30916,27840,7044,8761,80.40178061865083,2024-12-16 18:00:00+00:00,2025-11-14 16:00:00+00:00
USGS-09180500,pH,00400,2024-12-16 18:00:00+00:00,2025-12-16 18:00:00+00:00,usgs_continuous_download/USGS-09180500/ph.csv,ok,34572,31494,7878,8761,89.92124186736675,2024-12-16 18:00:00+00:00,2025-11-14 16:00:00+00:00
USGS-09180500,Discharge,00060,2024-12-16 18:00:00+00:00,2025-12-16 18:00:00+00:00,usgs_continuous_download/USGS-09180500/discharge.csv,ok,33101,33101,8313,8761,94.8864284898984,2024-12-16 18:00:00+00:00,2025-12-16 18:00:00+00:00
USGS-09217000,Water temperature,00010,2025-10-02 07:30:00+00:00,2026-10-02 07:30:00+00:00,usgs_continuous_download/USGS-09217000/water_temperature.csv,ok,21320,3226,807,8762,9.210225975804612,2025-10-02 07:00:00+00:00,2025-11-04 21:00:00+00:00
USGS-09217000,Specific conductance,00095,2025-10-02 07:30:00+00:00,2026-10-02 07:30:00+00:00,usgs_continuous_download/USGS-09217000/specific_conductance.csv,ok,20306,19528,4884,8762,55.7406984706688,2025-10-02 07:00:00+00:00,2026-10-02 07:00:00+00:00
USGS-09217000,Discharge,00060,2025-10-02 07:30:00+00:00,2026-10-02 07:30:00+00:00,usgs_continuous_download/USGS-09217000/discharge.csv,ok,31402,31248,7834,8762,89.40881077379593,2025-10-02 07:00:00+00:00,2026-10-02 07:00:00+00:00
USGS-09234500,Water temperature,00010,2025-10-02 05:30:00+00:00,2026-10-02 05:30:00+00:00,usgs_continuous_download/USGS-09234500/water_temperature.csv,ok,35028,28181,7048,8762,80.43825610591189,2025-10-02 05:00:00+00:00,2026-07-22 20:00:00+00:00
USGS-09234500,Specific conductance,00095,2025-10-02 05:30:00+00:00,2026-10-02 05:30:00+00:00,usgs_continuous_download/USGS-09234500/specific_conductance.csv,ok,32847,13420,3411,8762,38.92946815795481,2025-10-02 05:00:00+00:00,2026-02-28 21:00:00+00:00
USGS-09234500,Discharge,00060,2025-10-02 05:30:00+00:00,2026-10-02 05:30:00+00:00,usgs_continuous_download/USGS-09234500/discharge.csv,ok,35041,27342,6836,8762,78.01871718785665,2025-10-02 05:00:00+00:00,2026-07-14 00:00:00+00:00
USGS-09261000,DO concentration,00300,2024-12-31 15:15:00+00:00,2025-12-31 15:15:00+00:00,usgs_continuous_download/USGS-09261000/do_concentration.csv,ok,33802,33802,8464,8762,96.59895001141292,2024-12-31 15:00:00+00:00,2025-12-31 15:00:00+00:00
USGS-09261000,Water temperature,00010,2024-12-31 15:15:00+00:00,2025-12-31 15:15:00+00:00,usgs_continuous_download/USGS-09261000/water_temperature.csv,ok,33824,33824,8471,8762,96.67884044738643,2024-12-31 15:00:00+00:00,2025-12-31 15:00:00+00:00
USGS-09261000,Specific conductance,00095,2024-12-31 15:15:00+00:00,2025-12-31 15:15:00+00:00,usgs_continuous_download/USGS-09261000/specific_conductance.csv,ok,32768,32768,8215,8762,93.75713307464049,2024-12-31 15:00:00+00:00,2025-12-31 15:00:00+00:00
USGS-09261000,Turbidity,63680,2024-12-31 15:15:00+00:00,2025-12-31 15:15:00+00:00,usgs_continuous_download/USGS-09261000/turbidity.csv,ok,32441,32441,8215,8762,93.75713307464049,2024-12-31 15:00:00+00:00,2025-12-31 11:00:00+00:00
USGS-09261000,pH,00400,2024-12-31 15:15:00+00:00,2025-12-31 15:15:00+00:00,usgs_continuous_download/USGS-09261000/ph.csv,ok,33834,29722,7440,8762,84.91212052042913,2024-12-31 15:00:00+00:00,2025-11-18 18:00:00+00:00
USGS-09261000,Discharge,00060,2024-12-31 15:15:00+00:00,2025-12-31 15:15:00+00:00,usgs_continuous_download/USGS-09261000/discharge.csv,ok,34085,34085,8607,8762,98.23099748915773,2024-12-31 15:00:00+00:00,2025-12-31 13:00:00+00:00
USGS-09306500,Water temperature,00010,2026-04-01 18:15:00+00:00,2026-10-02 06:45:00+00:00,usgs_continuous_download/USGS-09306500/water_temperature.csv,ok,17417,10652,2666,4406,60.50839763958239,2026-04-01 18:00:00+00:00,2026-07-21 20:00:00+00:00
USGS-09306500,Specific conductance,00095,2026-04-01 18:15:00+00:00,2026-10-02 06:45:00+00:00,usgs_continuous_download/USGS-09306500/specific_conductance.csv,ok,17314,10623,2662,4406,60.41761234679982,2026-04-01 18:00:00+00:00,2026-07-21 20:00:00+00:00
USGS-09306500,Discharge,00060,2026-04-01 18:15:00+00:00,2026-10-02 06:45:00+00:00,usgs_continuous_download/USGS-09306500/discharge.csv,ok,17504,10001,2501,4406,56.76350431230141,2026-04-01 18:00:00+00:00,2026-07-14 22:00:00+00:00
USGS-09315000,DO concentration,00300,2024-11-24 18:15:00+00:00,2025-11-24 18:15:00+00:00,usgs_continuous_download/USGS-09315000/do_concentration.csv,ok,30197,30197,7661,8762,87.43437571330746,2024-11-24 18:00:00+00:00,2025-11-24 18:00:00+00:00
USGS-09315000,Water temperature,00010,2024-11-24 18:15:00+00:00,2025-11-24 18:15:00+00:00,usgs_continuous_download/USGS-09315000/water_temperature.csv,ok,34697,34697,8677,8762,99.02990184889295,2024-11-24 18:00:00+00:00,2025-11-24 18:00:00+00:00
USGS-09315000,Specific conductance,00095,2024-11-24 18:15:00+00:00,2025-11-24 18:15:00+00:00,usgs_continuous_download/USGS-09315000/specific_conductance.csv,ok,34692,34692,8673,8762,98.98425017119379,2024-11-24 18:00:00+00:00,2025-11-24 18:00:00+00:00
USGS-09315000,Turbidity,63680,2024-11-24 18:15:00+00:00,2025-11-24 18:15:00+00:00,usgs_continuous_download/USGS-09315000/turbidity.csv,ok,28935,28935,7483,8762,85.40287605569505,2024-12-05 16:00:00+00:00,2025-11-24 18:00:00+00:00
USGS-09315000,pH,00400,2024-11-24 18:15:00+00:00,2025-11-24 18:15:00+00:00,usgs_continuous_download/USGS-09315000/ph.csv,ok,34540,34540,8660,8762,98.83588221867154,2024-11-24 18:00:00+00:00,2025-11-24 18:00:00+00:00
USGS-09315000,Discharge,00060,2024-11-24 18:15:00+00:00,2025-11-24 18:15:00+00:00,usgs_continuous_download/USGS-09315000/discharge.csv,ok,30730,30730,7756,8762,88.5186030586624,2024-11-24 18:00:00+00:00,2025-11-24 18:00:00+00:00
USGS-09328960,Water temperature,00010,2025-10-02 07:30:00+00:00,2026-10-02 07:30:00+00:00,usgs_continuous_download/USGS-09328960/water_temperature.csv,ok,34467,16744,4187,8762,47.78589363159096,2025-12-11 06:00:00+00:00,2026-06-09 14:00:00+00:00
USGS-09328960,Specific conductance,00095,2025-10-02 07:30:00+00:00,2026-10-02 07:30:00+00:00,usgs_continuous_download/USGS-09328960/specific_conductance.csv,ok,34427,23418,5859,8762,66.86829490983794,2025-10-02 07:00:00+00:00,2026-06-09 14:00:00+00:00
USGS-09328960,Discharge,00060,2025-10-02 07:30:00+00:00,2026-10-02 07:30:00+00:00,usgs_continuous_download/USGS-09328960/discharge.csv,ok,34451,23920,6008,8762,68.56881990413147,2025-10-02 07:00:00+00:00,2026-06-09 14:00:00+00:00
USGS-09365000,Water temperature,00010,2020-10-05 19:00:00+00:00,2021-10-05 19:00:00+00:00,usgs_continuous_download/USGS-09365000/water_temperature.csv,ok,33505,33505,8385,8761,95.70825248259331,2020-10-05 19:00:00+00:00,2021-10-05 19:00:00+00:00
USGS-09365000,Specific conductance,00095,2020-10-05 19:00:00+00:00,2021-10-05 19:00:00+00:00,usgs_continuous_download/USGS-09365000/specific_conductance.csv,ok,31017,31017,7772,8761,88.71133432256592,2020-10-05 19:00:00+00:00,2021-10-05 19:00:00+00:00
USGS-09365000,Turbidity,63680,2020-10-05 19:00:00+00:00,2021-10-05 19:00:00+00:00,usgs_continuous_download/USGS-09365000/turbidity.csv,ok,24624,24624,6726,8761,76.77205798424838,2020-10-07 17:00:00+00:00,2021-10-05 19:00:00+00:00
USGS-09365000,pH,00400,2020-10-05 19:00:00+00:00,2021-10-05 19:00:00+00:00,usgs_continuous_download/USGS-09365000/ph.csv,ok,32289,32289,8087,8761,92.3068142906061,2020-10-05 19:00:00+00:00,2021-10-05 19:00:00+00:00
USGS-09365000,Discharge,00060,2020-10-05 19:00:00+00:00,2021-10-05 19:00:00+00:00,usgs_continuous_download/USGS-09365000/discharge.csv,empty_file,0,0,0,0,0.0,,
USGS-09368000,Water temperature,00010,2022-11-14 16:00:00+00:00,2023-11-14 16:00:00+00:00,usgs_continuous_download/USGS-09368000/water_temperature.csv,ok,4190,4190,1049,8761,11.973519004679831,2023-09-11 00:00:00+00:00,2023-11-14 16:00:00+00:00
USGS-09368000,Specific conductance,00095,2022-11-14 16:00:00+00:00,2023-11-14 16:00:00+00:00,usgs_continuous_download/USGS-09368000/specific_conductance.csv,ok,4192,671,168,8761,1.917589316288095,2023-09-11 00:00:00+00:00,2023-09-17 23:00:00+00:00
USGS-09368000,Turbidity,63680,2022-11-14 16:00:00+00:00,2023-11-14 16:00:00+00:00,usgs_continuous_download/USGS-09368000/turbidity.csv,ok,4045,524,134,8761,1.529505764182171,2023-09-11 00:00:00+00:00,2023-09-17 23:00:00+00:00
USGS-09368000,pH,00400,2022-11-14 16:00:00+00:00,2023-11-14 16:00:00+00:00,usgs_continuous_download/USGS-09368000/ph.csv,ok,4192,671,168,8761,1.917589316288095,2023-09-11 00:00:00+00:00,2023-09-17 23:00:00+00:00
USGS-09368000,Discharge,00060,2022-11-14 16:00:00+00:00,2023-11-14 16:00:00+00:00,usgs_continuous_download/USGS-09368000/discharge.csv,ok,35026,35026,8761,8761,100.0,2022-11-14 16:00:00+00:00,2023-11-14 16:00:00+00:00
USGS-09371010,Water temperature,00010,2022-11-15 15:00:00+00:00,2023-11-15 15:00:00+00:00,usgs_continuous_download/USGS-09371010/water_temperature.csv,ok,6465,2180,550,8761,6.277822166419359,2022-11-15 15:00:00+00:00,2022-12-09 06:00:00+00:00
USGS-09371010,Specific conductance,00095,2022-11-15 15:00:00+00:00,2023-11-15 15:00:00+00:00,usgs_continuous_download/USGS-09371010/specific_conductance.csv,ok,4285,672,168,8761,1.917589316288095,2023-09-11 00:00:00+00:00,2023-09-17 23:00:00+00:00
USGS-09371010,Turbidity,63680,2022-11-15 15:00:00+00:00,2023-11-15 15:00:00+00:00,usgs_continuous_download/USGS-09371010/turbidity.csv,ok,4100,489,126,8761,1.4381919872160713,2023-09-11 00:00:00+00:00,2023-09-17 23:00:00+00:00
USGS-09371010,pH,00400,2022-11-15 15:00:00+00:00,2023-11-15 15:00:00+00:00,usgs_continuous_download/USGS-09371010/ph.csv,ok,4285,672,168,8761,1.917589316288095,2023-09-11 00:00:00+00:00,2023-09-17 23:00:00+00:00
USGS-09371010,Discharge,00060,2022-11-15 15:00:00+00:00,2023-11-15 15:00:00+00:00,usgs_continuous_download/USGS-09371010/discharge.csv,ok,35033,35033,8761,8761,100.0,2022-11-15 15:00:00+00:00,2023-11-15 15:00:00+00:00
USGS-09379500,DO concentration,00300,2024-12-04 21:00:00+00:00,2025-12-04 21:00:00+00:00,usgs_continuous_download/USGS-09379500/do_concentration.csv,ok,34259,34259,8571,8761,97.83129779705513,2024-12-04 21:00:00+00:00,2025-12-04 21:00:00+00:00
USGS-09379500,Water temperature,00010,2024-12-04 21:00:00+00:00,2025-12-04 21:00:00+00:00,usgs_continuous_download/USGS-09379500/water_temperature.csv,ok,34400,34400,8604,8761,98.20796712704029,2024-12-04 21:00:00+00:00,2025-12-04 21:00:00+00:00
USGS-09379500,Specific conductance,00095,2024-12-04 21:00:00+00:00,2025-12-04 21:00:00+00:00,usgs_continuous_download/USGS-09379500/specific_conductance.csv,ok,33637,33637,8439,8761,96.32462047711448,2024-12-04 21:00:00+00:00,2025-12-04 19:00:00+00:00
USGS-09379500,Turbidity,63680,2024-12-04 21:00:00+00:00,2025-12-04 21:00:00+00:00,usgs_continuous_download/USGS-09379500/turbidity.csv,ok,29929,29874,7649,8761,87.30738500171213,2024-12-04 21:00:00+00:00,2025-12-04 06:00:00+00:00
USGS-09379500,pH,00400,2024-12-04 21:00:00+00:00,2025-12-04 21:00:00+00:00,usgs_continuous_download/USGS-09379500/ph.csv,ok,31059,31058,7770,8761,88.68850587832439,2024-12-04 21:00:00+00:00,2025-11-01 09:00:00+00:00
USGS-09379500,Discharge,00060,2024-12-04 21:00:00+00:00,2025-12-04 21:00:00+00:00,usgs_continuous_download/USGS-09379500/discharge.csv,ok,32070,32070,8066,8761,92.06711562607008,2024-12-04 21:00:00+00:00,2025-12-04 21:00:00+00:00
USGS-09380000,DO concentration,00300,2025-10-02 10:00:00+00:00,2026-10-02 10:00:00+00:00,usgs_continuous_download/USGS-09380000/do_concentration.csv,ok,34980,23995,6004,8761,68.53098961305787,2025-10-02 10:00:00+00:00,2026-06-09 17:00:00+00:00
USGS-09380000,Water temperature,00010,2025-10-02 10:00:00+00:00,2026-10-02 10:00:00+00:00,usgs_continuous_download/USGS-09380000/water_temperature.csv,ok,34977,23993,6004,8761,68.53098961305787,2025-10-02 10:00:00+00:00,2026-06-09 17:00:00+00:00
USGS-09380000,Specific conductance,00095,2025-10-02 10:00:00+00:00,2026-10-02 10:00:00+00:00,usgs_continuous_download/USGS-09380000/specific_conductance.csv,ok,34872,23989,6004,8761,68.53098961305787,2025-10-02 10:00:00+00:00,2026-06-09 17:00:00+00:00
USGS-09380000,Turbidity,63680,2025-10-02 10:00:00+00:00,2026-10-02 10:00:00+00:00,usgs_continuous_download/USGS-09380000/turbidity.csv,ok,27428,16653,4239,8761,48.38488756991211,2025-12-05 20:00:00+00:00,2026-06-09 17:00:00+00:00
USGS-09380000,pH,00400,2025-10-02 10:00:00+00:00,2026-10-02 10:00:00+00:00,usgs_continuous_download/USGS-09380000/ph.csv,ok,34982,23955,5994,8761,68.41684739185024,2025-10-02 10:00:00+00:00,2026-06-09 17:00:00+00:00
USGS-09380000,Discharge,00060,2025-10-02 10:00:00+00:00,2026-10-02 10:00:00+00:00,usgs_continuous_download/USGS-09380000/discharge.csv,ok,35035,24895,6225,8761,71.05353270174638,2025-10-02 10:00:00+00:00,2026-06-18 18:00:00+00:00
USGS-09404200,Water temperature,00010,2025-10-02 09:30:00+00:00,2026-10-02 09:30:00+00:00,usgs_continuous_download/USGS-09404200/water_temperature.csv,empty_file,0,0,0,0,0.0,,
USGS-09404200,Specific conductance,00095,2025-10-02 09:30:00+00:00,2026-10-02 09:30:00+00:00,usgs_continuous_download/USGS-09404200/specific_conductance.csv,empty_file,0,0,0,0,0.0,,
USGS-09404200,Discharge,00060,2025-10-02 09:30:00+00:00,2026-10-02 09:30:00+00:00,usgs_continuous_download/USGS-09404200/discharge.csv,ok,34016,14062,3516,8762,40.127824697557635,2025-10-02 09:00:00+00:00,2026-02-25 20:00:00+00:00
USGS-09429490,DO concentration,00300,2025-10-02 10:00:00+00:00,2026-10-02 10:00:00+00:00,usgs_continuous_download/USGS-09429490/do_concentration.csv,ok,29046,20728,5196,8761,59.30829813948179,2025-11-14 18:00:00+00:00,2026-07-07 17:00:00+00:00
USGS-09429490,Water temperature,00010,2025-10-02 10:00:00+00:00,2026-10-02 10:00:00+00:00,usgs_continuous_download/USGS-09429490/water_temperature.csv,ok,33226,24908,6237,8761,71.19050336719553,2025-10-02 10:00:00+00:00,2026-07-07 17:00:00+00:00
USGS-09429490,Specific conductance,00095,2025-10-02 10:00:00+00:00,2026-10-02 10:00:00+00:00,usgs_continuous_download/USGS-09429490/specific_conductance.csv,ok,33222,24904,6236,8761,71.17908914507477,2025-10-02 10:00:00+00:00,2026-07-07 17:00:00+00:00
USGS-09429490,pH,00400,2025-10-02 10:00:00+00:00,2026-10-02 10:00:00+00:00,usgs_continuous_download/USGS-09429490/ph.csv,ok,33141,24823,6216,8761,70.95080470265951,2025-10-02 10:00:00+00:00,2026-07-07 17:00:00+00:00
USGS-09510000,DO concentration,00300,2025-10-02 06:30:00+00:00,2026-10-02 06:30:00+00:00,usgs_continuous_download/USGS-09510000/do_concentration.csv,ok,28444,24180,6057,8762,69.12805295594613,2025-11-25 21:00:00+00:00,2026-08-18 16:00:00+00:00
USGS-09510000,Water temperature,00010,2025-10-02 06:30:00+00:00,2026-10-02 06:30:00+00:00,usgs_continuous_download/USGS-09510000/water_temperature.csv,ok,34344,30082,7535,8762,85.99634786578407,2025-10-02 06:00:00+00:00,2026-08-18 16:00:00+00:00
USGS-09510000,Specific conductance,00095,2025-10-02 06:30:00+00:00,2026-10-02 06:30:00+00:00,usgs_continuous_download/USGS-09510000/specific_conductance.csv,ok,33675,29412,7366,8762,84.06756448299475,2025-10-02 06:00:00+00:00,2026-08-18 16:00:00+00:00
USGS-09510000,pH,00400,2025-10-02 06:30:00+00:00,2026-10-02 06:30:00+00:00,usgs_continuous_download/USGS-09510000/ph.csv,ok,34344,27568,6903,8762,78.78338278931751,2025-10-02 06:00:00+00:00,2026-08-18 16:00:00+00:00
USGS-09510000,Discharge,00060,2025-10-02 06:30:00+00:00,2026-10-02 06:30:00+00:00,usgs_continuous_download/USGS-09510000/discharge.csv,ok,34978,34978,8757,8762,99.94293540287606,2025-10-02 06:00:00+00:00,2026-10-02 06:00:00+00:00
USGS-393259107194801,DO concentration,00300,2025-10-02 10:00:00+00:00,2026-10-02 10:00:00+00:00,usgs_continuous_download/USGS-393259107194801/do_concentration.csv,ok,104264,63648,5332,8761,60.860632347905494,2025-10-02 10:00:00+00:00,2026-05-12 18:00:00+00:00
USGS-393259107194801,Water temperature,00010,2025-10-02 10:00:00+00:00,2026-10-02 10:00:00+00:00,usgs_continuous_download/USGS-393259107194801/water_temperature.csv,ok,104363,63739,5335,8761,60.894875014267775,2025-10-02 10:00:00+00:00,2026-05-12 18:00:00+00:00
USGS-393259107194801,Specific conductance,00095,2025-10-02 10:00:00+00:00,2026-10-02 10:00:00+00:00,usgs_continuous_download/USGS-393259107194801/specific_conductance.csv,ok,104292,63683,5332,8761,60.860632347905494,2025-10-02 10:00:00+00:00,2026-05-12 18:00:00+00:00
USGS-393259107194801,Turbidity,63680,2025-10-02 10:00:00+00:00,2026-10-02 10:00:00+00:00,usgs_continuous_download/USGS-393259107194801/turbidity.csv,ok,102282,63399,5332,8761,60.860632347905494,2025-10-02 10:00:00+00:00,2026-05-12 18:00:00+00:00
USGS-393259107194801,pH,00400,2025-10-02 10:00:00+00:00,2026-10-02 10:00:00+00:00,usgs_continuous_download/USGS-393259107194801/ph.csv,ok,100933,63684,5332,8761,60.860632347905494,2025-10-02 10:00:00+00:00,2026-05-12 18:00:00+00:00
USGS-393259107194801,Stage,00065,2025-10-02 10:00:00+00:00,2026-10-02 10:00:00+00:00,usgs_continuous_download/USGS-393259107194801/stage.csv,ok,34976,34976,8761,8761,100.0,2025-10-02 10:00:00+00:00,2026-10-02 10:00:00+00:00
