source,target,length_m,original_edge_count,compressed_node_count
177615876,203177183,245307.96101300878,2438,2437
97532807,93392084,73125.77538977642,742,741
144403337,177615876,304435.3465284789,3012,3011
128398218,138973048,140875.81119518031,1435,1434
105675404,113101070,97521.25267380962,1008,1007
83102734,82982643,7208.352607402137,85,84
113101070,125881312,152480.89393399708,1567,1566
96331283,96496279,1861.1077229629495,19,18
96496279,107686315,163725.6095260496,1701,1700
102918807,97532807,93002.4808636005,975,974
73964314,93300040,214658.15609548902,2223,2222
92116891,92101856,3130.888719323546,36,35
172548250,186559442,158783.10409401398,1596,1595
102947229,96751415,77681.63261230604,794,793
201411483,196474471,181625.27034280234,1923,1922
90706215,96331283,65754.53092345002,682,681
67739434,73964314,119502.13423341211,1272,1271
107686315,110911305,33532.342577266776,338,337
188990639,191254755,136273.30903525904,1385,1384
58738608,65579591,112130.99080471961,1206,1205
206132272,222378055,213069.9108218924,2083,2082
81467957,81497938,1910.2615973845209,22,21
88786999,92116891,48414.07956078743,507,506
75465016,73964314,93426.0170530912,972,971
96751415,96331283,16660.37704950228,173,172
129753016,125507706,57207.66034669808,579,578
36251195,47787846,142879.13569831316,1506,1505
75675068,75465016,3570.9847338768855,41,40
132116925,138973048,84811.5398137286,871,870
134075067,133189499,54720.51979363446,570,569
209256258,196474471,151670.91331023473,1528,1527
47787846,58738608,144343.692225194,1537,1536
65579591,67739434,47962.49575521938,523,522
93300040,107686315,206425.2359382146,2124,2123
110911305,113101070,47464.68916229612,516,515
83027786,83222751,5265.6446226102,57,56
82757580,84197086,57217.497590304156,633,632
177526604,177615876,82759.59426512629,857,856
81497938,83027786,25646.15952989436,275,274
186559442,191254755,37921.796102941094,358,357
93392084,92101856,24165.729988922027,248,247
133114453,129078768,59450.335982534896,618,617
202613460,201411483,259731.10277090108,2649,2648
194239195,206132272,330715.47324130294,3457,3456
84197086,88786999,52955.95279015394,549,548
83222751,83102734,1148.8290023063664,12,11
92101856,90706215,63254.34065982774,682,681
125881312,131520862,120702.22779917238,1263,1262
131520862,143596412,105062.78625001427,1037,1036
191254755,194239195,76184.26911860882,807,806
203177183,203417183,2084.5371511091225,19,18
64455269,65579591,112028.88381042067,1197,1196
203417183,206132272,22789.72525867172,213,212
134195559,134075067,49323.804978558015,520,519
196474471,194239195,19903.27156181455,195,194
204021741,201411483,21440.95161040123,211,210
126377584,125881312,190689.26967639942,1990,1989
129078768,125507706,104210.58675503351,1073,1072
82982643,82757580,4206.339837832838,50,49
138424947,133189499,57945.309357329934,594,593
138973048,144403337,39115.370568511215,383,382
151170041,144403337,169145.1607820273,1747,1746
125507706,126377584,32815.16802627107,335,334
133189499,133114453,4945.28890538057,50,49
143596412,151170041,279954.9993511446,2907,2906
171485821,143596412,431587.3655075317,4425,4424
