node_id,longitude,latitude,usgs_station_count,support_gauge_count,in_degree,out_degree
177615876,-114.13666666666667,34.30416666666667,0,0,2,1
97532807,-108.07833333333333,38.75333333333333,1,0,1,1
144403337,-114.4075,36.149166666666666,0,0,2,1
128398218,-113.61749999999999,37.038333333333334,0,0,0,1
105675404,-110.53333333333333,38.30083333333333,0,0,0,1
83102734,-107.3375,39.555,0,1,1,1
113101070,-110.39083333333333,37.888333333333335,0,0,2,1
96331283,-109.28166666666667,38.82,0,0,2,1
96496279,-109.29416666666667,38.810833333333335,1,0,1,1
102918807,-107.54416666666667,38.454166666666666,0,0,0,1
73964314,-109.67999999999999,40.0625,0,0,2,1
92116891,-108.54083333333332,39.05416666666667,1,0,1,1
172548250,-111.87666666666667,34.58583333333333,0,0,0,1
102947229,-108.86083333333333,38.4525,0,0,0,1
201411483,-110.78583333333333,32.9825,0,0,2,1
90706215,-109.02583333333334,39.1325,1,0,1,1
67739434,-109.23416666666667,40.40833333333333,1,0,1,1
107686315,-109.88583333333334,38.189166666666665,0,0,2,1
188990639,-110.79916666666666,33.6725,0,0,0,1
58738608,-109.4225,40.90833333333333,1,0,1,1
206132272,-114.5575,32.72,0,0,2,1
81467957,-107.06083333333333,39.645833333333336,0,0,0,1
88786999,-108.26583333333333,39.23916666666667,1,0,1,1
75465016,-109.17833333333333,39.979166666666664,1,0,1,1
96751415,-109.195,38.79666666666667,1,0,1,1
129753016,-109.69416666666666,36.96333333333333,0,0,0,1
36251195,-110.18416666666667,42.1575,0,0,0,1
75675068,-109.14666666666666,39.9675,0,0,0,1
132116925,-114.90166666666667,36.83166666666666,0,0,0,1
134075067,-108.225,36.723333333333336,1,0,1,1
209256258,-111.40916666666666,32.54666666666667,0,0,0,1
47787846,-109.44916666666667,41.516666666666666,1,0,1,1
65579591,-108.98333333333333,40.528333333333336,0,0,2,1
93300040,-110.14916666666667,38.98833333333333,1,0,1,1
110911305,-110.07333333333334,38.01,1,0,1,1
83027786,-107.28999999999999,39.55916666666667,1,0,1,1
222378055,-114.8075,31.8175,0,0,1,0
82757580,-107.44666666666666,39.57416666666667,0,1,1,1
177526604,-113.525,34.30916666666667,0,0,0,1
81497938,-107.07833333333333,39.64416666666666,1,0,1,1
186559442,-111.66166666666666,33.8075,1,0,1,1
93392084,-108.45083333333334,38.983333333333334,1,0,1,1
133114453,-108.68333333333334,36.776666666666664,1,0,1,1
202613460,-109.205,32.91583333333333,0,0,0,1
194239195,-112.29416666666667,33.380833333333335,0,0,2,1
84197086,-107.93833333333333,39.494166666666665,1,0,1,1
83222751,-107.33,39.54833333333333,1,0,1,1
92101856,-108.56916666666666,39.055,0,0,2,1
125881312,-110.89916666666667,37.178333333333335,0,0,2,1
131520862,-111.5875,36.865,1,0,1,1
191254755,-111.66166666666666,33.54666666666667,0,0,2,1
203177183,-114.4675,32.884166666666665,1,0,1,1
64455269,-108.35583333333334,40.590833333333336,0,0,0,1
203417183,-114.48083333333334,32.87083333333334,0,1,1,1
134195559,-107.82166666666666,36.71666666666667,0,0,0,1
196474471,-112.18833333333333,33.25666666666667,0,0,2,1
204021741,-110.71583333333334,32.8375,0,0,0,1
126377584,-109.86666666666666,37.15083333333333,1,0,1,1
129078768,-109.03,37.00083333333333,1,0,1,1
82982643,-107.40666666666667,39.56166666666667,1,0,1,1
138424947,-108.56666666666666,36.48166666666667,0,0,0,1
138973048,-114.34666666666666,36.450833333333335,0,0,2,1
151170041,-113.36333333333333,35.77333333333333,1,0,1,1
125507706,-109.71666666666667,37.19916666666667,0,0,2,1
133189499,-108.64916666666667,36.7725,0,0,2,1
143596412,-111.8,36.19416666666667,0,0,2,1
171485821,-109.675,34.644999999999996,0,0,0,1
