node_id,type,label,latitude,longitude,coverage,in_degree,out_degree,member_stations,feature_count,support_gauges
36251195,Network source,Source node 36251195,42.1575,-110.18416666666667,142.9 km to first downstream measurement,,,,,
64455269,Network source,Source node 64455269,40.590833333333336,-108.35583333333334,160.0 km to first downstream measurement,,,,,
75675068,Network source,Source node 75675068,39.9675,-109.14666666666666,3.6 km to first downstream measurement,,,,,
81467957,Network source,Source node 81467957,39.645833333333336,-107.06083333333333,1.9 km to first downstream measurement,,,,,
102918807,Network source,Source node 102918807,38.454166666666666,-107.54416666666667,93.0 km to first downstream measurement,,,,,
102947229,Network source,Source node 102947229,38.4525,-108.86083333333333,77.7 km to first downstream measurement,,,,,
105675404,Network source,Source node 105675404,38.30083333333333,-110.53333333333333,370.7 km to first downstream measurement,,,,,
128398218,Network source,Source node 128398218,37.038333333333334,-113.61749999999999,729.7 km to first downstream measurement,,,,,
129753016,Network source,Source node 129753016,36.96333333333333,-109.69416666666666,90.0 km to first downstream measurement,,,,,
132116925,Network source,Source node 132116925,36.83166666666666,-114.90166666666667,673.7 km to first downstream measurement,,,,,
134195559,Network source,Source node 134195559,36.71666666666667,-107.82166666666666,49.3 km to first downstream measurement,,,,,
138424947,Network source,Source node 138424947,36.48166666666667,-108.56666666666666,62.9 km to first downstream measurement,,,,,
171485821,Network source,Source node 171485821,34.644999999999996,-109.675,711.5 km to first downstream measurement,,,,,
172548250,Network source,Source node 172548250,34.58583333333333,-111.87666666666667,158.8 km to first downstream measurement,,,,,
177526604,Network source,Source node 177526604,34.30916666666667,-113.525,328.1 km to first downstream measurement,,,,,
188990639,Network source,Source node 188990639,33.6725,-110.79916666666666,No downstream measurement,,,,,
202613460,Network source,Source node 202613460,32.91583333333333,-109.205,No downstream measurement,,,,,
204021741,Network source,Source node 204021741,32.8375,-110.71583333333334,No downstream measurement,,,,,
209256258,Network source,Source node 209256258,32.54666666666667,-111.40916666666666,No downstream measurement,,,,,
222378055,Outlet / downstream leaf,Outlet node 222378055,31.8175,-114.8075,,,,,,
65579591,Junction / meeting point,Junction node 65579591,40.528333333333336,-108.98333333333333,,2.0,1.0,,,
73964314,Junction / meeting point,Junction node 73964314,40.0625,-109.67999999999999,,2.0,1.0,,,
92101856,Junction / meeting point,Junction node 92101856,39.055,-108.56916666666666,,2.0,1.0,,,
96331283,Junction / meeting point,Junction node 96331283,38.82,-109.28166666666667,,2.0,1.0,,,
107686315,Junction / meeting point,Junction node 107686315,38.189166666666665,-109.88583333333334,,2.0,1.0,,,
113101070,Junction / meeting point,Junction node 113101070,37.888333333333335,-110.39083333333333,,2.0,1.0,,,
125507706,Junction / meeting point,Junction node 125507706,37.19916666666667,-109.71666666666667,,2.0,1.0,,,
125881312,Junction / meeting point,Junction node 125881312,37.178333333333335,-110.89916666666667,,2.0,1.0,,,
133189499,Junction / meeting point,Junction node 133189499,36.7725,-108.64916666666667,,2.0,1.0,,,
138973048,Junction / meeting point,Junction node 138973048,36.450833333333335,-114.34666666666666,,2.0,1.0,,,
143596412,Junction / meeting point,Junction node 143596412,36.19416666666667,-111.8,,2.0,1.0,,,
144403337,Junction / meeting point,Junction node 144403337,36.149166666666666,-114.4075,,2.0,1.0,,,
177615876,Junction / meeting point,Junction node 177615876,34.30416666666667,-114.13666666666667,,2.0,1.0,,,
191254755,Junction / meeting point,Junction node 191254755,33.54666666666667,-111.66166666666666,,2.0,1.0,,,
194239195,Junction / meeting point,Junction node 194239195,33.380833333333335,-112.29416666666667,,2.0,1.0,,,
196474471,Junction / meeting point,Junction node 196474471,33.25666666666667,-112.18833333333333,,2.0,1.0,,,
201411483,Junction / meeting point,Junction node 201411483,32.9825,-110.78583333333333,,2.0,1.0,,,
206132272,Junction / meeting point,Junction node 206132272,32.72,-114.5575,,2.0,1.0,,,
67739434,Training — 5/5,USGS-09261000,40.40833333333333,-109.23416666666667,,,,USGS-09261000,,
84197086,Training — 5/5,USGS-09092570,39.494166666666665,-107.93833333333333,,,,USGS-09092570,,
88786999,Training — 5/5,USGS-09095500,39.23916666666667,-108.26583333333333,,,,USGS-09095500,,
90706215,Training — 5/5,USGS-09163500,39.1325,-109.02583333333334,,,,USGS-09163500,,
93300040,Training — 5/5,USGS-09315000,38.98833333333333,-110.14916666666667,,,,USGS-09315000,,
93392084,Training — 5/5,USGS-09152500,38.983333333333334,-108.45083333333334,,,,USGS-09152500,,
96496279,Training — 5/5,USGS-09180500,38.810833333333335,-109.29416666666667,,,,USGS-09180500,,
97532807,Training — 5/5,USGS-09144250,38.75333333333333,-108.07833333333333,,,,USGS-09144250,,
126377584,Training — 5/5,USGS-09379500,37.15083333333333,-109.86666666666666,,,,USGS-09379500,,
131520862,Training — 5/5,USGS-09380000,36.865,-111.5875,,,,USGS-09380000,,
81497938,Test — held-out 5/5,USGS-09070500,39.64416666666666,-107.07833333333333,,,,USGS-09070500,,
82982643,Test — held-out 5/5,USGS-09085150 / USGS-09085160,39.56166666666667,-107.40666666666667,,,,"USGS-09085150, USGS-09085160",,
83027786,Test — held-out 5/5,USGS-09071750,39.55916666666667,-107.28999999999999,,,,USGS-09071750,,
83222751,Test — held-out 5/5,USGS-09085000 / USGS-393259107194801,39.54833333333333,-107.33,,,,"USGS-09085000, USGS-393259107194801",,
47787846,Test — partial WQ,USGS-09217000,41.516666666666666,-109.44916666666667,,,,USGS-09217000,2.0,
58738608,Test — partial WQ,USGS-09234500,40.90833333333333,-109.4225,,,,USGS-09234500,2.0,
75465016,Test — partial WQ,USGS-09306500,39.979166666666664,-109.17833333333333,,,,USGS-09306500,2.0,
92116891,Test — partial WQ,USGS-09106485,39.05416666666667,-108.54083333333332,,,,USGS-09106485,3.0,
96751415,Test — partial WQ,USGS-09180000,38.79666666666667,-109.195,,,,USGS-09180000,2.0,
110911305,Test — partial WQ,USGS-09328960,38.01,-110.07333333333334,,,,USGS-09328960,2.0,
129078768,Test — partial WQ,USGS-09371010,37.00083333333333,-109.03,,,,USGS-09371010,4.0,
133114453,Test — partial WQ,USGS-09368000,36.776666666666664,-108.68333333333334,,,,USGS-09368000,4.0,
134075067,Test — partial WQ,USGS-09365000,36.723333333333336,-108.225,,,,USGS-09365000,4.0,
151170041,Test — partial WQ,USGS-09404200,35.77333333333333,-113.36333333333333,,,,USGS-09404200,0.0,
186559442,Test — partial WQ,USGS-09510000,33.8075,-111.66166666666666,,,,USGS-09510000,4.0,
203177183,Test — partial WQ,USGS-09429490,32.884166666666665,-114.4675,,,,USGS-09429490,4.0,
82757580,Hydrology support,USGS-09085500,39.57416666666667,-107.44666666666666,,,,,,USGS-09085500
83102734,Hydrology support,USGS-09085100,39.555,-107.3375,,,,,,USGS-09085100
203417183,Hydrology support,USGS-09523000,32.87083333333334,-114.48083333333334,,,,,,USGS-09523000
