MonitoringLocationIdentifier,MonitoringLocationName,MonitoringLocationTypeName,river_node,distance_to_node_m,LatitudeMeasure,LongitudeMeasure,first_year,last_year,years_with_data,total_results
USGS-08330000,"RIO GRANDE AT ALBUQUERQUE, NM",Stream,163493881,12.557204945078913,35.08916666666667,-106.68069444444446,1969,2024,56,36364
USGS-06259000,"WIND RIVER BELOW BOYSEN RESERVOIR, WY",Stream,13437080,13.186504360757036,43.4249254273707,-108.1790397716075,1953,2024,58,29469
USGS-09152500,"GUNNISON RIVER NEAR GRAND JUNCTION, CO.",Stream,93392084,16.313105056726027,38.9833157504816,-108.450644642269,1931,2024,94,53192
USGS-09379500,"SAN JUAN RIVER NEAR BLUFF, UT",Stream,126377584,17.540240033541902,37.1506777777778,-109.866688888889,1928,2024,97,102074
USGS-08358300,"RIO GRANDE CONVEYANCE CHANNEL AT SAN MARCIAL, NM",Stream,188725189,21.243572528380774,33.687666666666665,-106.99261111111112,1954,2020,62,32051
USGS-09415000,"VIRGIN RV AT LITTLEFIELD, AZ",Stream,131038026,21.619161252088666,36.8916437228263,-113.924409799261,1949,2023,74,48590
USGS-09368000,"SAN JUAN RIVER AT SHIPROCK, NM",Stream,133114453,24.562146531992454,36.7766666666667,-108.683055555556,1958,2021,58,42886
USGS-09426600,"BILL WILLIAMS RIVER AT MINERAL WASH, NR PLANET, AZ",Stream,178501087,30.69465462517876,34.2550156539085,-114.009664695667,1969,2023,53,13979
USGS-09095500,"COLORADO RIVER NEAR CAMEO, CO.",Stream,88786999,30.97775869199974,39.2391463104219,-108.266194581311,1933,2023,91,45430
USGS-08354900,"RIO GRANDE FLOODWAY AT SAN ACACIA, NM",Stream,178479628,31.05382601062678,34.2563888888889,-106.890833333333,1956,2024,69,39042
USGS-09234500,"GREEN RIVER NEAR GREENDALE, UT",Stream,58738608,34.886153042939256,40.908292959641,-109.422914017045,1919,2024,63,23528
USGS-08313000,"RIO GRANDE AT OTOWI BRIDGE, NM",Stream,149363585,37.65374547944785,35.8745,-106.14244444444444,1946,2024,79,71784
USGS-10224000,"SEVIER RIVER NEAR LYNNDYL, UT",Stream,84416754,38.39586069440583,39.4818975436065,-112.39383383569,1951,2024,57,20658
USGS-09217000,"GREEN RIVER NEAR GREEN RIVER, WY",Stream,47787846,39.59890703539255,41.5163221339525,-109.449057906948,1951,2023,69,33577
USGS-06264700,"BIGHORN RIVER AT LUCERNE, WY",Stream,7841729,39.81255830524716,43.7360664372878,-108.1612090666,1966,2016,51,8818
USGS-08353000,"RIO PUERCO NEAR BERNARDO, NM",Stream,175719488,40.08274994613023,34.41027777777778,-106.85444444444444,1947,2023,77,31931
USGS-09217010,"GREEN RIVER BELOW GREEN RIVER, WY",Stream,48162883,44.22152383350291,41.4960760141535,-109.438745514265,1905,2024,52,11722
USGS-09448500,"GILA RIVER AT HEAD OF SAFFORD VALLEY, NR SOLOMON,",Stream,203213171,47.76075513168023,32.8827222222222,-109.479605555556,1965,2019,50,15991
USGS-09402500,"COLORADO RIVER NEAR GRAND CANYON, AZ",Stream,145261179,47.791786663346336,36.1013717601685,-112.086279488639,1925,2023,79,44664
USGS-08319000,"RIO GRANDE AT SAN FELIPE, NM",Stream,157103744,48.990968318565095,35.4445833333333,-106.439833333333,1970,2024,55,17228
11NPSWRD_WQX-BLCA_09128000,"GUNNISON RIVER BELOW GUNNISON TUNNEL, CO",River/Stream,101568592,53.01426472720118,38.52915336,-107.648947,1959,2023,61,10067
USGS-09128000,"GUNNISON RIVER BELOW GUNNISON TUNNEL, CO",Stream,101568592,53.01921494108511,38.529153363294,-107.648947057467,1959,2020,51,7935
USGS-10126000,"BEAR RIVER NEAR CORINNE, UT",Stream,46719593,54.778342975503755,41.5763213241835,-112.100781995508,1963,2024,50,15034
USGS-09211200,"GREEN RIVER BELOW FONTENELLE RESERVOIR, WY",Stream,38711521,54.792110825426015,42.0209722222222,-110.049805555556,1967,2024,58,20670
USGS-09474000,"GILA RIVER AT KELVIN, AZ.",Stream,199236109,54.87421811277028,33.10285640362298,-110.97652312150208,1950,2006,55,31454
USGS-06630000,"N PLATTE RIV AB SEMINOE RESERVOIR, NR SINCLAIR, WY",Stream,41400290,56.489582082831966,41.87216635653744,-107.0575983704985,1960,2024,65,22460
USGS-09070500,"COLORADO RIVER NEAR DOTSERO, CO",Stream,81497938,56.733192845134305,39.6446111111111,-107.078013888889,1949,2023,56,13509
USGS-08251500,"RIO GRANDE NEAR LOBATOS, CO",Stream,127687602,57.98824639409651,37.0786111111111,-105.756944444444,1919,2024,58,25143
USGS-09421500,"COLORADO RV BLW HOOVER DAM, AZ-NV",Stream,146818100,58.80150401572715,36.0152584726877,-114.73859363235,1946,2016,70,39945
USGS-08331000,"RIO GRANDE AT ISLETA, NM",Stream,166524086,59.15893993158353,34.9205555555556,-106.678888888889,1970,2024,52,21418
USGS-09260000,"LITTLE SNAKE RIVER NEAR LILY, CO",Stream,65205236,59.34502564039419,40.54901666666667,-108.42432222222224,1950,2024,64,22051
USGS-09180000,"DOLORES RIVER NEAR CISCO, UT",Stream,96751415,61.47020766392895,38.7972080512614,-109.195114164408,1949,2024,71,35445
USGS-13154500,SNAKE RIVER AT KING HILL ID,Stream,21049160,62.061309886987516,43.0022222222222,-115.2025,1951,2024,72,84173
USGS-09522000,"COLORADO RIVER AT NIB, ABOVE MORELOS DAM, AZ",Stream,206147079,64.13230082780774,32.7186587246758,-114.718844363368,1961,2024,64,106206
USGS-06645000,"NORTH PLATTE RIVER BELOW CASPER, WY",Stream,23640121,66.05951431102918,42.858889,-106.211389,1949,2020,62,21389
USGS-09180500,"COLORADO RIVER NEAR CISCO, UT",Stream,96496279,69.87070496662146,38.8105409546215,-109.293449329319,1928,2024,97,65488
USGS-09502000,"SALT RIVER BLW STEWART MOUNTAIN DAM, AZ",Stream,191149851,75.74667755871337,33.552841374883755,-111.5765430564268,1950,2019,64,24908
USGS-09380000,"COLORADO RIVER AT LEES FERRY, AZ",Stream,131520862,81.60882481502911,36.864333333333335,-111.58787222222222,1926,2024,87,96699
USGS-09510000,"VERDE RIVER BELOW BARTLETT DAM, AZ",Stream,186559442,90.97118405153981,33.808289,-111.661911,1950,2019,64,27741
USGS-09261000,"GREEN RIVER NEAR JENSEN, UT",Stream,67739434,99.83939374392556,40.40871944444444,-109.2352361111111,1951,2023,66,21327
USGS-09427520,"COLORADO RIVER BELOW PARKER DAM, AZ-CA",Stream,177765883,101.02578420446473,34.2955849709311,-114.14023004458858,1968,2023,53,26319
USGS-09429490,"COLORADO RIVER ABOVE IMPERIAL DAM, AZ-CA",Stream,203177183,102.9643596254419,32.8849361111111,-114.468111111111,1964,2024,58,39567
USGS-09163500,COLORADO RIVER NEAR COLORADO-UTAH STATE LINE,Stream,90706215,109.85714478394429,39.13274340153019,-109.02707585203304,1959,2024,65,84495
USGS-09315000,"GREEN RIVER AT GREEN RIVER, UT",Stream,93300040,118.40469239440452,38.98886944444445,-110.15035555555556,1928,2024,97,58788
USGS-08332010,"RIO GRANDE FLOODWAY NEAR BERNARDO, NM",Stream,175599546,134.8419742474799,34.41701204429161,-106.80058320845562,1960,2024,61,32098
