station_id,variable,rows,start,end,error
USGS-09070500,DO concentration,35004,2025-10-02 04:00:00+00:00,2026-10-02 04:00:00+00:00,
USGS-09070500,Water temperature,35009,2025-10-02 04:00:00+00:00,2026-10-02 04:00:00+00:00,
USGS-09070500,Specific conductance,34856,2025-10-02 04:00:00+00:00,2026-10-02 04:00:00+00:00,
USGS-09070500,Turbidity,31099,2025-10-02 04:00:00+00:00,2026-10-02 04:00:00+00:00,
USGS-09070500,pH,35005,2025-10-02 04:00:00+00:00,2026-10-02 04:00:00+00:00,
USGS-09070500,Discharge,33359,2025-10-02 04:00:00+00:00,2026-10-02 04:00:00+00:00,
USGS-09071750,DO concentration,34926,2025-10-02 04:45:00+00:00,2026-10-02 04:45:00+00:00,
USGS-09071750,Water temperature,34982,2025-10-02 04:45:00+00:00,2026-10-02 04:45:00+00:00,
USGS-09071750,Specific conductance,34960,2025-10-02 04:45:00+00:00,2026-10-02 04:45:00+00:00,
USGS-09071750,Turbidity,30917,2025-10-02 04:45:00+00:00,2026-10-02 04:45:00+00:00,
USGS-09071750,pH,34978,2025-10-02 04:45:00+00:00,2026-10-02 04:45:00+00:00,
USGS-09085000,DO concentration,34744,2025-10-02 04:45:00+00:00,2026-10-02 04:45:00+00:00,
USGS-09085000,Water temperature,35019,2025-10-02 04:45:00+00:00,2026-10-02 04:45:00+00:00,
USGS-09085000,Specific conductance,35003,2025-10-02 04:45:00+00:00,2026-10-02 04:45:00+00:00,
USGS-09085000,Turbidity,26105,2025-10-02 04:45:00+00:00,2026-10-02 04:45:00+00:00,
USGS-09085000,pH,35012,2025-10-02 04:45:00+00:00,2026-10-02 04:45:00+00:00,
USGS-09085000,Discharge,35033,2025-10-02 04:45:00+00:00,2026-10-02 04:45:00+00:00,
USGS-09085150,DO concentration,104983,2024-05-07 17:25:00+00:00,2025-05-07 17:25:00+00:00,
USGS-09085150,Water temperature,104985,2024-05-07 17:25:00+00:00,2025-05-07 17:25:00+00:00,
USGS-09085150,Specific conductance,104836,2024-05-07 17:25:00+00:00,2025-05-07 17:25:00+00:00,
USGS-09085150,Turbidity,95168,2024-05-07 17:25:00+00:00,2025-05-07 17:25:00+00:00,
USGS-09085150,pH,104977,2024-05-07 17:25:00+00:00,2025-05-07 17:25:00+00:00,
USGS-09085160,DO concentration,104282,2025-10-02 06:35:00+00:00,2026-10-02 06:35:00+00:00,
USGS-09085160,Water temperature,104997,2025-10-02 06:35:00+00:00,2026-10-02 06:35:00+00:00,
USGS-09085160,Specific conductance,102552,2025-10-02 06:35:00+00:00,2026-10-02 06:35:00+00:00,
USGS-09085160,Turbidity,101595,2025-10-02 06:35:00+00:00,2026-10-02 06:35:00+00:00,
USGS-09085160,pH,104626,2025-10-02 06:35:00+00:00,2026-10-02 06:35:00+00:00,
USGS-09092570,DO concentration,20536,2024-04-01 07:00:00+00:00,2024-11-01 06:45:00+00:00,
USGS-09092570,Water temperature,20536,2024-04-01 07:00:00+00:00,2024-11-01 06:45:00+00:00,
USGS-09092570,Specific conductance,20505,2024-04-01 07:00:00+00:00,2024-11-01 06:45:00+00:00,
USGS-09092570,Turbidity,16005,2024-04-09 17:30:00+00:00,2024-11-01 06:45:00+00:00,
USGS-09092570,pH,20384,2024-04-01 07:00:00+00:00,2024-11-01 06:45:00+00:00,
USGS-09092570,Discharge,18091,2024-04-01 05:45:00+00:00,2024-11-01 06:45:00+00:00,
USGS-09095500,DO concentration,35007,2025-10-02 09:45:00+00:00,2026-10-02 09:45:00+00:00,
USGS-09095500,Water temperature,35017,2025-10-02 09:45:00+00:00,2026-10-02 09:45:00+00:00,
USGS-09095500,Specific conductance,34691,2025-10-02 09:45:00+00:00,2026-10-02 09:45:00+00:00,
USGS-09095500,Turbidity,33185,2025-10-02 09:45:00+00:00,2026-10-02 09:45:00+00:00,
USGS-09095500,pH,35010,2025-10-02 09:45:00+00:00,2026-10-02 09:45:00+00:00,
USGS-09095500,Discharge,34421,2025-10-02 09:45:00+00:00,2026-10-02 09:45:00+00:00,
USGS-09106485,DO concentration,7538,2026-07-15 20:15:00+00:00,2026-10-02 08:45:00+00:00,
USGS-09106485,Water temperature,7539,2026-07-15 20:15:00+00:00,2026-10-02 08:45:00+00:00,
USGS-09106485,Specific conductance,7538,2026-07-15 20:15:00+00:00,2026-10-02 08:45:00+00:00,
USGS-09106485,Discharge,7454,2026-07-15 20:15:00+00:00,2026-10-02 08:45:00+00:00,
USGS-09144250,DO concentration,34995,2025-10-02 08:15:00+00:00,2026-10-02 08:15:00+00:00,
USGS-09144250,Water temperature,34990,2025-10-02 08:15:00+00:00,2026-10-02 08:15:00+00:00,
USGS-09144250,Specific conductance,34981,2025-10-02 08:15:00+00:00,2026-10-02 08:15:00+00:00,
USGS-09144250,Turbidity,34956,2025-10-02 08:15:00+00:00,2026-10-02 08:15:00+00:00,
USGS-09144250,pH,34995,2025-10-02 08:15:00+00:00,2026-10-02 08:15:00+00:00,
USGS-09144250,Discharge,34941,2025-10-02 08:15:00+00:00,2026-10-02 08:15:00+00:00,
USGS-09152500,DO concentration,34935,2025-10-02 09:30:00+00:00,2026-10-02 09:30:00+00:00,
USGS-09152500,Water temperature,35028,2025-10-02 09:30:00+00:00,2026-10-02 09:30:00+00:00,
USGS-09152500,Specific conductance,35024,2025-10-02 09:30:00+00:00,2026-10-02 09:30:00+00:00,
USGS-09152500,Turbidity,33727,2025-10-02 09:30:00+00:00,2026-10-02 09:30:00+00:00,
USGS-09152500,pH,35016,2025-10-02 09:30:00+00:00,2026-10-02 09:30:00+00:00,
USGS-09152500,Discharge,34786,2025-10-02 09:30:00+00:00,2026-10-02 09:30:00+00:00,
USGS-09163500,DO concentration,34811,2025-10-02 07:45:00+00:00,2026-10-02 07:45:00+00:00,
USGS-09163500,Water temperature,34811,2025-10-02 07:45:00+00:00,2026-10-02 07:45:00+00:00,
USGS-09163500,Specific conductance,34363,2025-10-02 07:45:00+00:00,2026-10-02 07:45:00+00:00,
USGS-09163500,Turbidity,31509,2025-10-02 07:45:00+00:00,2026-10-02 07:45:00+00:00,
USGS-09163500,pH,34809,2025-10-02 07:45:00+00:00,2026-10-02 07:45:00+00:00,
USGS-09163500,Discharge,35004,2025-10-02 07:45:00+00:00,2026-10-02 07:45:00+00:00,
USGS-09180000,Water temperature,34323,2025-10-02 05:30:00+00:00,2026-10-02 05:30:00+00:00,
USGS-09180000,Specific conductance,34243,2025-10-02 05:30:00+00:00,2026-10-02 05:30:00+00:00,
USGS-09180000,Discharge,33640,2025-10-02 05:30:00+00:00,2026-10-02 05:30:00+00:00,
USGS-09180500,DO concentration,35035,2024-12-16 18:00:00+00:00,2025-12-16 18:00:00+00:00,
USGS-09180500,Water temperature,35035,2024-12-16 18:00:00+00:00,2025-12-16 18:00:00+00:00,
USGS-09180500,Specific conductance,34456,2024-12-16 18:00:00+00:00,2025-12-11 19:00:00+00:00,
USGS-09180500,Turbidity,30916,2024-12-16 18:00:00+00:00,2025-12-16 18:00:00+00:00,
USGS-09180500,pH,34572,2024-12-16 18:00:00+00:00,2025-12-16 18:00:00+00:00,
USGS-09180500,Discharge,33101,2024-12-16 18:00:00+00:00,2025-12-16 18:00:00+00:00,
USGS-09217000,Water temperature,21320,2025-10-02 07:30:00+00:00,2026-10-02 07:30:00+00:00,
USGS-09217000,Specific conductance,20306,2025-10-02 07:30:00+00:00,2026-10-02 07:30:00+00:00,
USGS-09217000,Discharge,31402,2025-10-02 07:30:00+00:00,2026-10-02 07:30:00+00:00,
USGS-09234500,Water temperature,35028,2025-10-02 05:30:00+00:00,2026-10-02 05:30:00+00:00,
USGS-09234500,Specific conductance,32847,2025-10-02 05:30:00+00:00,2026-10-02 05:30:00+00:00,
USGS-09234500,Discharge,35041,2025-10-02 05:30:00+00:00,2026-10-02 05:30:00+00:00,
USGS-09261000,DO concentration,33802,2024-12-31 15:15:00+00:00,2025-12-31 15:15:00+00:00,
USGS-09261000,Water temperature,33824,2024-12-31 15:15:00+00:00,2025-12-31 15:15:00+00:00,
USGS-09261000,Specific conductance,32768,2024-12-31 15:15:00+00:00,2025-12-31 15:15:00+00:00,
USGS-09261000,Turbidity,32441,2024-12-31 15:15:00+00:00,2025-12-31 11:30:00+00:00,
USGS-09261000,pH,33834,2024-12-31 15:15:00+00:00,2025-12-31 15:15:00+00:00,
USGS-09261000,Discharge,34085,2024-12-31 15:15:00+00:00,2025-12-31 13:45:00+00:00,
USGS-09306500,Water temperature,17417,2026-04-01 18:15:00+00:00,2026-10-02 06:45:00+00:00,
USGS-09306500,Specific conductance,17314,2026-04-01 18:15:00+00:00,2026-10-02 06:45:00+00:00,
USGS-09306500,Discharge,17504,2026-04-01 18:15:00+00:00,2026-10-02 06:45:00+00:00,
USGS-09315000,DO concentration,30197,2024-11-24 18:15:00+00:00,2025-11-24 18:15:00+00:00,
USGS-09315000,Water temperature,34697,2024-11-24 18:15:00+00:00,2025-11-24 18:15:00+00:00,
USGS-09315000,Specific conductance,34692,2024-11-24 18:15:00+00:00,2025-11-24 18:15:00+00:00,
USGS-09315000,Turbidity,28935,2024-12-05 16:08:36+00:00,2025-11-24 18:15:00+00:00,
USGS-09315000,pH,34540,2024-11-24 18:15:00+00:00,2025-11-24 18:15:00+00:00,
USGS-09315000,Discharge,30730,2024-11-24 18:15:00+00:00,2025-11-24 18:15:00+00:00,
USGS-09328960,Water temperature,34467,2025-10-02 07:30:00+00:00,2026-10-02 07:30:00+00:00,
USGS-09328960,Specific conductance,34427,2025-10-02 07:30:00+00:00,2026-10-02 07:30:00+00:00,
USGS-09328960,Discharge,34451,2025-10-02 07:30:00+00:00,2026-10-02 07:30:00+00:00,
USGS-09365000,Water temperature,33505,2020-10-05 19:00:00+00:00,2021-10-05 19:00:00+00:00,
USGS-09365000,Specific conductance,31017,2020-10-05 19:00:00+00:00,2021-10-05 19:00:00+00:00,
USGS-09365000,Turbidity,24624,2020-10-07 17:30:00+00:00,2021-10-05 19:00:00+00:00,
USGS-09365000,pH,32289,2020-10-05 19:00:00+00:00,2021-10-05 19:00:00+00:00,
USGS-09365000,Discharge,-1,,,No columns to parse from file
USGS-09368000,Water temperature,4190,2023-09-11 00:00:00+00:00,2023-11-14 16:00:00+00:00,
USGS-09368000,Specific conductance,4192,2023-09-11 00:00:00+00:00,2023-11-14 16:00:00+00:00,
USGS-09368000,Turbidity,4045,2023-09-11 00:00:00+00:00,2023-11-14 16:00:00+00:00,
USGS-09368000,pH,4192,2023-09-11 00:00:00+00:00,2023-11-14 16:00:00+00:00,
USGS-09368000,Discharge,35026,2022-11-14 16:00:00+00:00,2023-11-14 16:00:00+00:00,
USGS-09371010,Water temperature,6465,2022-11-15 15:00:00+00:00,2023-11-15 15:00:00+00:00,
USGS-09371010,Specific conductance,4285,2023-09-11 00:00:00+00:00,2023-11-15 15:00:00+00:00,
USGS-09371010,Turbidity,4100,2023-09-11 00:00:00+00:00,2023-11-15 15:00:00+00:00,
USGS-09371010,pH,4285,2023-09-11 00:00:00+00:00,2023-11-15 15:00:00+00:00,
USGS-09371010,Discharge,35033,2022-11-15 15:00:00+00:00,2023-11-15 15:00:00+00:00,
USGS-09379500,DO concentration,34259,2024-12-04 21:00:00+00:00,2025-12-04 21:00:00+00:00,
USGS-09379500,Water temperature,34400,2024-12-04 21:00:00+00:00,2025-12-04 21:00:00+00:00,
USGS-09379500,Specific conductance,33637,2024-12-04 21:00:00+00:00,2025-12-04 19:00:00+00:00,
USGS-09379500,Turbidity,29929,2024-12-04 21:00:00+00:00,2025-12-04 21:00:00+00:00,
USGS-09379500,pH,31059,2024-12-04 21:00:00+00:00,2025-12-04 21:00:00+00:00,
USGS-09379500,Discharge,32070,2024-12-04 21:00:00+00:00,2025-12-04 21:00:00+00:00,
USGS-09380000,DO concentration,34980,2025-10-02 10:00:00+00:00,2026-10-02 10:00:00+00:00,
USGS-09380000,Water temperature,34977,2025-10-02 10:00:00+00:00,2026-10-02 10:00:00+00:00,
USGS-09380000,Specific conductance,34872,2025-10-02 10:00:00+00:00,2026-10-02 10:00:00+00:00,
USGS-09380000,Turbidity,27428,2025-12-05 20:30:00+00:00,2026-10-02 10:00:00+00:00,
USGS-09380000,pH,34982,2025-10-02 10:00:00+00:00,2026-10-02 10:00:00+00:00,
USGS-09380000,Discharge,35035,2025-10-02 10:00:00+00:00,2026-10-02 10:00:00+00:00,
USGS-09404200,Water temperature,-1,,,No columns to parse from file
USGS-09404200,Specific conductance,-1,,,No columns to parse from file
USGS-09404200,Discharge,34016,2025-10-02 09:30:00+00:00,2026-10-02 09:30:00+00:00,
USGS-09429490,DO concentration,29046,2025-11-14 18:30:00+00:00,2026-10-02 10:00:00+00:00,
USGS-09429490,Water temperature,33226,2025-10-02 10:00:00+00:00,2026-10-02 10:00:00+00:00,
USGS-09429490,Specific conductance,33222,2025-10-02 10:00:00+00:00,2026-10-02 10:00:00+00:00,
USGS-09429490,pH,33141,2025-10-02 10:00:00+00:00,2026-10-02 10:00:00+00:00,
USGS-09510000,DO concentration,28444,2025-11-25 21:30:00+00:00,2026-10-02 06:30:00+00:00,
USGS-09510000,Water temperature,34344,2025-10-02 06:30:00+00:00,2026-10-02 06:30:00+00:00,
USGS-09510000,Specific conductance,33675,2025-10-02 06:30:00+00:00,2026-10-02 06:30:00+00:00,
USGS-09510000,pH,34344,2025-10-02 06:30:00+00:00,2026-10-02 06:30:00+00:00,
USGS-09510000,Discharge,34978,2025-10-02 06:30:00+00:00,2026-10-02 06:30:00+00:00,
USGS-393259107194801,DO concentration,104264,2025-10-02 10:00:00+00:00,2026-10-02 10:00:00+00:00,
USGS-393259107194801,Water temperature,104363,2025-10-02 10:00:00+00:00,2026-10-02 10:00:00+00:00,
USGS-393259107194801,Specific conductance,104292,2025-10-02 10:00:00+00:00,2026-10-02 10:00:00+00:00,
USGS-393259107194801,Turbidity,102282,2025-10-02 10:00:00+00:00,2026-10-02 10:00:00+00:00,
USGS-393259107194801,pH,100933,2025-10-02 10:00:00+00:00,2026-10-02 10:00:00+00:00,
USGS-393259107194801,Stage,34976,2025-10-02 10:00:00+00:00,2026-10-02 10:00:00+00:00,
