station_id,rows,variables,variable_names
USGS-09070500,8761,6,"DO concentration, Water temperature, Specific conductance, Turbidity, pH, Discharge"
USGS-09071750,8762,5,"DO concentration, Water temperature, Specific conductance, Turbidity, pH"
USGS-09085000,8762,6,"DO concentration, Water temperature, Specific conductance, Turbidity, pH, Discharge"
USGS-09085150,8762,5,"DO concentration, Water temperature, Specific conductance, Turbidity, pH"
USGS-09085160,8762,5,"DO concentration, Water temperature, Specific conductance, Turbidity, pH"
USGS-09092570,8762,6,"DO concentration, Water temperature, Specific conductance, Turbidity, pH, Discharge"
USGS-09095500,8762,6,"DO concentration, Water temperature, Specific conductance, Turbidity, pH, Discharge"
USGS-09106485,1886,4,"DO concentration, Water temperature, Specific conductance, Discharge"
USGS-09144250,8762,6,"DO concentration, Water temperature, Specific conductance, Turbidity, pH, Discharge"
USGS-09152500,8762,6,"DO concentration, Water temperature, Specific conductance, Turbidity, pH, Discharge"
USGS-09163500,8762,6,"DO concentration, Water temperature, Specific conductance, Turbidity, pH, Discharge"
USGS-09180000,8762,3,"Water temperature, Specific conductance, Discharge"
USGS-09180500,8761,6,"DO concentration, Water temperature, Specific conductance, Turbidity, pH, Discharge"
USGS-09217000,8762,3,"Water temperature, Specific conductance, Discharge"
USGS-09234500,8762,3,"Water temperature, Specific conductance, Discharge"
USGS-09261000,8762,6,"DO concentration, Water temperature, Specific conductance, Turbidity, pH, Discharge"
USGS-09306500,4406,3,"Water temperature, Specific conductance, Discharge"
USGS-09315000,8762,6,"DO concentration, Water temperature, Specific conductance, Turbidity, pH, Discharge"
USGS-09328960,8762,3,"Water temperature, Specific conductance, Discharge"
USGS-09365000,8761,4,"Water temperature, Specific conductance, Turbidity, pH"
USGS-09368000,8761,5,"Water temperature, Specific conductance, Turbidity, pH, Discharge"
USGS-09371010,8761,5,"Water temperature, Specific conductance, Turbidity, pH, Discharge"
USGS-09379500,8761,6,"DO concentration, Water temperature, Specific conductance, Turbidity, pH, Discharge"
USGS-09380000,8761,6,"DO concentration, Water temperature, Specific conductance, Turbidity, pH, Discharge"
USGS-09404200,8762,1,Discharge
USGS-09429490,8761,4,"DO concentration, Water temperature, Specific conductance, pH"
USGS-09510000,8762,5,"DO concentration, Water temperature, Specific conductance, pH, Discharge"
USGS-393259107194801,8761,6,"DO concentration, Water temperature, Specific conductance, Turbidity, pH, Stage"
