station_id,variable,parameter_code,start,end
USGS-09070500,DO concentration,00300,2025-10-02 04:00:00+00:00,2026-10-02 04:00:00+00:00
USGS-09070500,Water temperature,00010,2025-10-02 04:00:00+00:00,2026-10-02 04:00:00+00:00
USGS-09070500,Specific conductance,00095,2025-10-02 04:00:00+00:00,2026-10-02 04:00:00+00:00
USGS-09070500,Turbidity,63680,2025-10-02 04:00:00+00:00,2026-10-02 04:00:00+00:00
USGS-09070500,pH,00400,2025-10-02 04:00:00+00:00,2026-10-02 04:00:00+00:00
USGS-09070500,Discharge,00060,2025-10-02 04:00:00+00:00,2026-10-02 04:00:00+00:00
USGS-09071750,DO concentration,00300,2025-10-02 04:45:00+00:00,2026-10-02 04:45:00+00:00
USGS-09071750,Water temperature,00010,2025-10-02 04:45:00+00:00,2026-10-02 04:45:00+00:00
USGS-09071750,Specific conductance,00095,2025-10-02 04:45:00+00:00,2026-10-02 04:45:00+00:00
USGS-09071750,Turbidity,63680,2025-10-02 04:45:00+00:00,2026-10-02 04:45:00+00:00
USGS-09071750,pH,00400,2025-10-02 04:45:00+00:00,2026-10-02 04:45:00+00:00
USGS-09085000,DO concentration,00300,2025-10-02 04:45:00+00:00,2026-10-02 04:45:00+00:00
USGS-09085000,Water temperature,00010,2025-10-02 04:45:00+00:00,2026-10-02 04:45:00+00:00
USGS-09085000,Specific conductance,00095,2025-10-02 04:45:00+00:00,2026-10-02 04:45:00+00:00
USGS-09085000,Turbidity,63680,2025-10-02 04:45:00+00:00,2026-10-02 04:45:00+00:00
USGS-09085000,pH,00400,2025-10-02 04:45:00+00:00,2026-10-02 04:45:00+00:00
USGS-09085000,Discharge,00060,2025-10-02 04:45:00+00:00,2026-10-02 04:45:00+00:00
USGS-09085150,DO concentration,00300,2024-05-07 17:25:00+00:00,2025-05-07 17:25:00+00:00
USGS-09085150,Water temperature,00010,2024-05-07 17:25:00+00:00,2025-05-07 17:25:00+00:00
USGS-09085150,Specific conductance,00095,2024-05-07 17:25:00+00:00,2025-05-07 17:25:00+00:00
USGS-09085150,Turbidity,63680,2024-05-07 17:25:00+00:00,2025-05-07 17:25:00+00:00
USGS-09085150,pH,00400,2024-05-07 17:25:00+00:00,2025-05-07 17:25:00+00:00
USGS-09085160,DO concentration,00300,2025-10-02 06:35:00+00:00,2026-10-02 06:35:00+00:00
USGS-09085160,Water temperature,00010,2025-10-02 06:35:00+00:00,2026-10-02 06:35:00+00:00
USGS-09085160,Specific conductance,00095,2025-10-02 06:35:00+00:00,2026-10-02 06:35:00+00:00
USGS-09085160,Turbidity,63680,2025-10-02 06:35:00+00:00,2026-10-02 06:35:00+00:00
USGS-09085160,pH,00400,2025-10-02 06:35:00+00:00,2026-10-02 06:35:00+00:00
USGS-09092570,DO concentration,00300,2023-11-02 06:45:00+00:00,2024-11-01 06:45:00+00:00
USGS-09092570,Water temperature,00010,2023-11-02 06:45:00+00:00,2024-11-01 06:45:00+00:00
USGS-09092570,Specific conductance,00095,2023-11-02 06:45:00+00:00,2024-11-01 06:45:00+00:00
USGS-09092570,Turbidity,63680,2023-11-02 06:45:00+00:00,2024-11-01 06:45:00+00:00
USGS-09092570,pH,00400,2023-11-02 06:45:00+00:00,2024-11-01 06:45:00+00:00
USGS-09092570,Discharge,00060,2023-11-02 06:45:00+00:00,2024-11-01 06:45:00+00:00
USGS-09095500,DO concentration,00300,2025-10-02 09:45:00+00:00,2026-10-02 09:45:00+00:00
USGS-09095500,Water temperature,00010,2025-10-02 09:45:00+00:00,2026-10-02 09:45:00+00:00
USGS-09095500,Specific conductance,00095,2025-10-02 09:45:00+00:00,2026-10-02 09:45:00+00:00
USGS-09095500,Turbidity,63680,2025-10-02 09:45:00+00:00,2026-10-02 09:45:00+00:00
USGS-09095500,pH,00400,2025-10-02 09:45:00+00:00,2026-10-02 09:45:00+00:00
USGS-09095500,Discharge,00060,2025-10-02 09:45:00+00:00,2026-10-02 09:45:00+00:00
USGS-09106485,DO concentration,00300,2026-07-15 20:15:00+00:00,2026-10-02 08:45:00+00:00
USGS-09106485,Water temperature,00010,2026-07-15 20:15:00+00:00,2026-10-02 08:45:00+00:00
USGS-09106485,Specific conductance,00095,2026-07-15 20:15:00+00:00,2026-10-02 08:45:00+00:00
USGS-09106485,Discharge,00060,2026-07-15 20:15:00+00:00,2026-10-02 08:45:00+00:00
USGS-09144250,DO concentration,00300,2025-10-02 08:15:00+00:00,2026-10-02 08:15:00+00:00
USGS-09144250,Water temperature,00010,2025-10-02 08:15:00+00:00,2026-10-02 08:15:00+00:00
USGS-09144250,Specific conductance,00095,2025-10-02 08:15:00+00:00,2026-10-02 08:15:00+00:00
USGS-09144250,Turbidity,63680,2025-10-02 08:15:00+00:00,2026-10-02 08:15:00+00:00
USGS-09144250,pH,00400,2025-10-02 08:15:00+00:00,2026-10-02 08:15:00+00:00
USGS-09144250,Discharge,00060,2025-10-02 08:15:00+00:00,2026-10-02 08:15:00+00:00
USGS-09152500,DO concentration,00300,2025-10-02 09:30:00+00:00,2026-10-02 09:30:00+00:00
USGS-09152500,Water temperature,00010,2025-10-02 09:30:00+00:00,2026-10-02 09:30:00+00:00
USGS-09152500,Specific conductance,00095,2025-10-02 09:30:00+00:00,2026-10-02 09:30:00+00:00
USGS-09152500,Turbidity,63680,2025-10-02 09:30:00+00:00,2026-10-02 09:30:00+00:00
USGS-09152500,pH,00400,2025-10-02 09:30:00+00:00,2026-10-02 09:30:00+00:00
USGS-09152500,Discharge,00060,2025-10-02 09:30:00+00:00,2026-10-02 09:30:00+00:00
USGS-09163500,DO concentration,00300,2025-10-02 07:45:00+00:00,2026-10-02 07:45:00+00:00
USGS-09163500,Water temperature,00010,2025-10-02 07:45:00+00:00,2026-10-02 07:45:00+00:00
USGS-09163500,Specific conductance,00095,2025-10-02 07:45:00+00:00,2026-10-02 07:45:00+00:00
USGS-09163500,Turbidity,63680,2025-10-02 07:45:00+00:00,2026-10-02 07:45:00+00:00
USGS-09163500,pH,00400,2025-10-02 07:45:00+00:00,2026-10-02 07:45:00+00:00
USGS-09163500,Discharge,00060,2025-10-02 07:45:00+00:00,2026-10-02 07:45:00+00:00
USGS-09180000,Water temperature,00010,2025-10-02 05:30:00+00:00,2026-10-02 05:30:00+00:00
USGS-09180000,Specific conductance,00095,2025-10-02 05:30:00+00:00,2026-10-02 05:30:00+00:00
USGS-09180000,Discharge,00060,2025-10-02 05:30:00+00:00,2026-10-02 05:30:00+00:00
USGS-09180500,DO concentration,00300,2024-12-16 18:00:00+00:00,2025-12-16 18:00:00+00:00
USGS-09180500,Water temperature,00010,2024-12-16 18:00:00+00:00,2025-12-16 18:00:00+00:00
USGS-09180500,Specific conductance,00095,2024-12-16 18:00:00+00:00,2025-12-16 18:00:00+00:00
USGS-09180500,Turbidity,63680,2024-12-16 18:00:00+00:00,2025-12-16 18:00:00+00:00
USGS-09180500,pH,00400,2024-12-16 18:00:00+00:00,2025-12-16 18:00:00+00:00
USGS-09180500,Discharge,00060,2024-12-16 18:00:00+00:00,2025-12-16 18:00:00+00:00
USGS-09217000,Water temperature,00010,2025-10-02 07:30:00+00:00,2026-10-02 07:30:00+00:00
USGS-09217000,Specific conductance,00095,2025-10-02 07:30:00+00:00,2026-10-02 07:30:00+00:00
USGS-09217000,Discharge,00060,2025-10-02 07:30:00+00:00,2026-10-02 07:30:00+00:00
USGS-09234500,Water temperature,00010,2025-10-02 05:30:00+00:00,2026-10-02 05:30:00+00:00
USGS-09234500,Specific conductance,00095,2025-10-02 05:30:00+00:00,2026-10-02 05:30:00+00:00
USGS-09234500,Discharge,00060,2025-10-02 05:30:00+00:00,2026-10-02 05:30:00+00:00
USGS-09261000,DO concentration,00300,2024-12-31 15:15:00+00:00,2025-12-31 15:15:00+00:00
USGS-09261000,Water temperature,00010,2024-12-31 15:15:00+00:00,2025-12-31 15:15:00+00:00
USGS-09261000,Specific conductance,00095,2024-12-31 15:15:00+00:00,2025-12-31 15:15:00+00:00
USGS-09261000,Turbidity,63680,2024-12-31 15:15:00+00:00,2025-12-31 15:15:00+00:00
USGS-09261000,pH,00400,2024-12-31 15:15:00+00:00,2025-12-31 15:15:00+00:00
USGS-09261000,Discharge,00060,2024-12-31 15:15:00+00:00,2025-12-31 15:15:00+00:00
USGS-09306500,Water temperature,00010,2026-04-01 18:15:00+00:00,2026-10-02 06:45:00+00:00
USGS-09306500,Specific conductance,00095,2026-04-01 18:15:00+00:00,2026-10-02 06:45:00+00:00
USGS-09306500,Discharge,00060,2026-04-01 18:15:00+00:00,2026-10-02 06:45:00+00:00
USGS-09315000,DO concentration,00300,2024-11-24 18:15:00+00:00,2025-11-24 18:15:00+00:00
USGS-09315000,Water temperature,00010,2024-11-24 18:15:00+00:00,2025-11-24 18:15:00+00:00
USGS-09315000,Specific conductance,00095,2024-11-24 18:15:00+00:00,2025-11-24 18:15:00+00:00
USGS-09315000,Turbidity,63680,2024-11-24 18:15:00+00:00,2025-11-24 18:15:00+00:00
USGS-09315000,pH,00400,2024-11-24 18:15:00+00:00,2025-11-24 18:15:00+00:00
USGS-09315000,Discharge,00060,2024-11-24 18:15:00+00:00,2025-11-24 18:15:00+00:00
USGS-09328960,Water temperature,00010,2025-10-02 07:30:00+00:00,2026-10-02 07:30:00+00:00
USGS-09328960,Specific conductance,00095,2025-10-02 07:30:00+00:00,2026-10-02 07:30:00+00:00
USGS-09328960,Discharge,00060,2025-10-02 07:30:00+00:00,2026-10-02 07:30:00+00:00
USGS-09365000,Water temperature,00010,2020-10-05 19:00:00+00:00,2021-10-05 19:00:00+00:00
USGS-09365000,Specific conductance,00095,2020-10-05 19:00:00+00:00,2021-10-05 19:00:00+00:00
USGS-09365000,Turbidity,63680,2020-10-05 19:00:00+00:00,2021-10-05 19:00:00+00:00
USGS-09365000,pH,00400,2020-10-05 19:00:00+00:00,2021-10-05 19:00:00+00:00
USGS-09365000,Discharge,00060,2020-10-05 19:00:00+00:00,2021-10-05 19:00:00+00:00
USGS-09368000,Water temperature,00010,2022-11-14 16:00:00+00:00,2023-11-14 16:00:00+00:00
USGS-09368000,Specific conductance,00095,2022-11-14 16:00:00+00:00,2023-11-14 16:00:00+00:00
USGS-09368000,Turbidity,63680,2022-11-14 16:00:00+00:00,2023-11-14 16:00:00+00:00
USGS-09368000,pH,00400,2022-11-14 16:00:00+00:00,2023-11-14 16:00:00+00:00
USGS-09368000,Discharge,00060,2022-11-14 16:00:00+00:00,2023-11-14 16:00:00+00:00
USGS-09371010,Water temperature,00010,2022-11-15 15:00:00+00:00,2023-11-15 15:00:00+00:00
USGS-09371010,Specific conductance,00095,2022-11-15 15:00:00+00:00,2023-11-15 15:00:00+00:00
USGS-09371010,Turbidity,63680,2022-11-15 15:00:00+00:00,2023-11-15 15:00:00+00:00
USGS-09371010,pH,00400,2022-11-15 15:00:00+00:00,2023-11-15 15:00:00+00:00
USGS-09371010,Discharge,00060,2022-11-15 15:00:00+00:00,2023-11-15 15:00:00+00:00
USGS-09379500,DO concentration,00300,2024-12-04 21:00:00+00:00,2025-12-04 21:00:00+00:00
USGS-09379500,Water temperature,00010,2024-12-04 21:00:00+00:00,2025-12-04 21:00:00+00:00
USGS-09379500,Specific conductance,00095,2024-12-04 21:00:00+00:00,2025-12-04 21:00:00+00:00
USGS-09379500,Turbidity,63680,2024-12-04 21:00:00+00:00,2025-12-04 21:00:00+00:00
USGS-09379500,pH,00400,2024-12-04 21:00:00+00:00,2025-12-04 21:00:00+00:00
USGS-09379500,Discharge,00060,2024-12-04 21:00:00+00:00,2025-12-04 21:00:00+00:00
USGS-09380000,DO concentration,00300,2025-10-02 10:00:00+00:00,2026-10-02 10:00:00+00:00
USGS-09380000,Water temperature,00010,2025-10-02 10:00:00+00:00,2026-10-02 10:00:00+00:00
USGS-09380000,Specific conductance,00095,2025-10-02 10:00:00+00:00,2026-10-02 10:00:00+00:00
USGS-09380000,Turbidity,63680,2025-10-02 10:00:00+00:00,2026-10-02 10:00:00+00:00
USGS-09380000,pH,00400,2025-10-02 10:00:00+00:00,2026-10-02 10:00:00+00:00
USGS-09380000,Discharge,00060,2025-10-02 10:00:00+00:00,2026-10-02 10:00:00+00:00
USGS-09404200,Water temperature,00010,2025-10-02 09:30:00+00:00,2026-10-02 09:30:00+00:00
USGS-09404200,Specific conductance,00095,2025-10-02 09:30:00+00:00,2026-10-02 09:30:00+00:00
USGS-09404200,Discharge,00060,2025-10-02 09:30:00+00:00,2026-10-02 09:30:00+00:00
USGS-09429490,DO concentration,00300,2025-10-02 10:00:00+00:00,2026-10-02 10:00:00+00:00
USGS-09429490,Water temperature,00010,2025-10-02 10:00:00+00:00,2026-10-02 10:00:00+00:00
USGS-09429490,Specific conductance,00095,2025-10-02 10:00:00+00:00,2026-10-02 10:00:00+00:00
USGS-09429490,pH,00400,2025-10-02 10:00:00+00:00,2026-10-02 10:00:00+00:00
USGS-09510000,DO concentration,00300,2025-10-02 06:30:00+00:00,2026-10-02 06:30:00+00:00
USGS-09510000,Water temperature,00010,2025-10-02 06:30:00+00:00,2026-10-02 06:30:00+00:00
USGS-09510000,Specific conductance,00095,2025-10-02 06:30:00+00:00,2026-10-02 06:30:00+00:00
USGS-09510000,pH,00400,2025-10-02 06:30:00+00:00,2026-10-02 06:30:00+00:00
USGS-09510000,Discharge,00060,2025-10-02 06:30:00+00:00,2026-10-02 06:30:00+00:00
USGS-393259107194801,DO concentration,00300,2025-10-02 10:00:00+00:00,2026-10-02 10:00:00+00:00
USGS-393259107194801,Water temperature,00010,2025-10-02 10:00:00+00:00,2026-10-02 10:00:00+00:00
USGS-393259107194801,Specific conductance,00095,2025-10-02 10:00:00+00:00,2026-10-02 10:00:00+00:00
USGS-393259107194801,Turbidity,63680,2025-10-02 10:00:00+00:00,2026-10-02 10:00:00+00:00
USGS-393259107194801,pH,00400,2025-10-02 10:00:00+00:00,2026-10-02 10:00:00+00:00
USGS-393259107194801,Stage,00065,2025-10-02 10:00:00+00:00,2026-10-02 10:00:00+00:00
